ID_Uzorka;Dubina_Busenja_cm;Temp_Tla_C;pH_Vrijednost;H2O_Postotak;Metan_Senzor;Organske_Molekule
1;9,3;-41,0;7,15;2,41;Negativno;Ne
2;5,6;-50,0;8,13;5,05;Negativno;Ne
3;8,4;-49,3;6,82;2,6;Negativno;Ne
4;6,4;-28,3;7,43;3,36;Negativno;Ne
5;3,0;-39,3;7,3;0,86;Negativno;Ne
6;7,9;-46,0;6,74;3,4;Negativno;Ne
7;1,2;-42,8;7,1;0,38;Negativno;Ne
8;4,4;-41,6;6,34;5,74;Pozitivno;Ne
9;8,0;-43,9;6,34;0,42;Negativno;Ne
10;6,2;-53,0;6,48;3,17;Negativno;Ne
11;5,5;-46,4;7,83;3,06;Negativno;Ne
12;12,3;-68,6;6,26;4,63;Negativno;Ne
13;8,4;-45,1;7,43;4,39;Negativno;Ne
14;8,1;-57,3;7,25;1,43;Negativno;Ne
15;8,2;-71,4;6,73;5,04;Negativno;Ne
16;13,2;-88,2;7,87;2,27;Negativno;Ne
17;5,9;-26,1;7,45;4,55;Negativno;Ne
18;9,7;-50,3;7,08;2,22;Negativno;Ne
19;3,0;-49,0;7,21;3,13;Negativno;Ne
20;5,1;-47,4;7,96;1,08;Negativno;Ne
21;0,5;-19,7;6,85;3,51;Negativno;Ne
22;5,0;-52,2;7,11;2,1;Negativno;Ne
23;6,7;-20,6;6,7;3,55;Negativno;Ne
24;2,1;-57,2;6,89;0,81;Negativno;Ne
25;0,7;-63,8;7,11;2,51;Negativno;Ne
26;4,6;-71,5;6,65;2,97;Negativno;Ne
27;0,5;-56,8;7,41;4,44;Negativno;Ne
28;13,9;150,0;-2,0;0,33;Pozitivno;Ne
29;14,9;-65,0;6,81;0,91;Negativno;Ne
30;9,8;-34,7;6,92;0,22;Negativno;Ne
31;10,8;-75,8;6,88;0,37;Negativno;Ne
32;10,7;-49,2;7,27;4,06;Negativno;Ne
33;13,3;-31,0;6,95;4,91;Negativno;Ne
34;0,2;-46,3;7,63;3,51;Negativno;Ne
35;10,5;-42,2;7,34;0,41;Negativno;Ne
36;11,4;-48,2;7,79;4,12;Negativno;Ne
37;10,0;-60,8;7,07;5,3;Negativno;Ne
38;6,5;-36,1;7,34;3,66;Negativno;Ne
39;7,9;-57,5;6,9;3,53;Negativno;Ne
40;3,9;-73,0;6,83;0,39;Pozitivno;Ne
41;9,3;-68,1;7,37;2,72;Negativno;Ne
42;2,0;-49,3;6,21;5,05;Negativno;Ne
43;5,3;-22,1;6,63;0,88;Negativno;Ne
44;7,8;-53,6;7,37;1,1;Negativno;Ne
45;10,6;-65,4;7,86;4,21;Negativno;Ne
46;4,5;-56,0;6,46;3,9;Negativno;Ne
47;12,7;-42,9;6,76;2,61;Negativno;Ne
48;4,6;-66,8;6,33;4,91;Negativno;Ne
49;13,0;-52,7;6,48;2,8;Negativno;Ne
50;14,8;-29,0;6,56;5,33;Negativno;Ne
51;2,4;-50,3;5,88;1,1;Negativno;Ne
52;2,3;-52,4;7,05;0,58;Negativno;Da
53;9,6;-42,1;7,12;0,98;Negativno;Ne
54;13,1;-44,4;6,39;3,19;Negativno;Ne
55;3,9;-15,2;7,3;9,155609384038216;Pozitivno;Da
56;8,2;-73,2;7,05;5,02;Negativno;Ne
57;12,3;-47,8;6,97;1,69;Negativno;Ne
58;5,6;-86,3;7,31;4,35;Negativno;Ne
59;1,9;-64,4;6,67;1,99;Pozitivno;Ne
60;7,4;-15,5;6,59;7,090542193791464;Pozitivno;Da
61;15,0;-41,4;6,1;0,53;Pozitivno;Ne
62;7,2;-45,4;7,37;5,59;Negativno;Ne
63;14,2;-45,7;7,13;3,77;Negativno;Ne
64;11,2;-69,4;7,1;4,22;Negativno;Ne
65;8,1;-61,9;7,32;5,54;Negativno;Ne
66;8,6;-50,4;6,38;5,45;Negativno;Ne
67;8,7;-50,6;7,56;4,14;Negativno;Ne
68;8,2;-33,5;7,9;4,51;Negativno;Ne
69;14,3;-39,8;6,53;3,8;Negativno;Ne
70;9,1;-56,3;7,56;0,27;Pozitivno;Ne
71;10,0;-33,6;6,41;4,6;Negativno;Ne
72;6,4;-47,0;6,43;5,16;Negativno;Ne
73;7,7;-82,4;7,03;3,7;Negativno;Ne
74;11,2;-37,8;6,31;5,08;Negativno;Ne
75;10,5;-56,0;7,3;5,71;Negativno;Ne
76;3,2;-71,6;6,65;1,81;Negativno;Da
77;2,8;-33,7;7,13;4,31;Negativno;Ne
78;14,5;-55,0;6,76;1,14;Negativno;Ne
79;3,1;-70,1;8,11;0,92;Pozitivno;Ne
80;5,4;-37,3;7,15;3,49;Negativno;Ne
81;12,6;-69,0;7,4;0,29;Negativno;Ne
82;11,3;-7,0;6,74;7,650019214910176;Pozitivno;Da
83;5,0;-35,2;6,35;3,88;Negativno;Ne
84;13,5;-37,2;6,97;2,09;Negativno;Ne
85;1,2;-43,6;6,73;4,9;Negativno;Ne
86;11,7;-37,8;7,65;0,22;Negativno;Ne
87;9,3;-27,3;6,18;5,55;Negativno;Ne
88;6,2;-53,4;6,78;5,07;Negativno;Ne
89;10,2;-61,4;8,31;2,78;Negativno;Ne
90;6,8;-59,3;7,56;4,96;Negativno;Ne
91;10,0;-41,6;7,13;4,14;Negativno;Ne
92;13,2;-54,4;6,67;4,84;Pozitivno;Ne
93;5,8;-54,5;7,08;0,41;Negativno;Ne
94;14,6;-49,2;7,52;1,29;Negativno;Ne
95;4,6;-63,8;6,72;0,42;Negativno;Ne
96;13,7;-39,9;6,46;2,9;Negativno;Ne
97;10,7;-50,8;7,52;0,23;Negativno;Ne
98;14,9;-71,3;7,58;1,65;Negativno;Ne
99;10,6;-37,6;6,92;5,94;Negativno;Ne
100;11,1;-53,3;6,36;1,44;Negativno;Ne
101;2,8;-39,4;6,57;4,82;Negativno;Ne
102;5,5;-44,4;8,27;4,81;Negativno;Ne
103;3,3;-65,9;6,93;5,03;Negativno;Ne
104;8,5;-44,8;6,91;5,54;Negativno;Ne
105;8,4;-39,8;7,54;0,78;Negativno;Ne
106;12,4;-34,8;7,86;3,22;Negativno;Ne
107;8,7;-34,4;6,81;4,21;Negativno;Ne
108;9,8;-20,5;6,59;0,23;Negativno;Ne
109;0,4;-38,4;6,96;4,75;Negativno;Ne
110;9,5;-57,9;7,81;3,66;Pozitivno;Ne
111;1,1;-19,2;6,74;9,000542193791464;Pozitivno;Da
112;11,0;-55,7;7,39;4,72;Pozitivno;Ne
113;8,3;-39,8;7,27;0,91;Negativno;Ne
114;12,6;-54,2;6,6;5,24;Negativno;Ne
115;8,4;-67,7;6,51;4,18;Pozitivno;Ne
116;6,6;-56,9;6,9;0,3;Negativno;Ne
117;1,8;-58,4;7,66;5,69;Negativno;Ne
118;5,4;-71,5;7,87;4,21;Negativno;Ne
119;4,8;-41,0;6,86;0,38;Negativno;Ne
120;13,3;-52,8;7,07;1,37;Negativno;Ne
121;2,2;-45,6;6,32;3,18;Negativno;Ne
122;8,7;-54,8;6,33;5,66;Negativno;Ne
123;2,8;-47,8;6,38;2,62;Negativno;Ne
124;1,4;-69,5;7,77;2,0;Negativno;Ne
125;9,4;-51,2;6,26;4,14;Negativno;Ne
126;7,8;-33,3;7,06;0,42;Negativno;Ne
127;7,7;-49,2;7,71;4,82;Negativno;Ne
128;10,1;-30,8;6,61;5,15;Negativno;Ne
129;2,0;-56,6;6,69;2,59;Negativno;Ne
130;9,7;-41,8;7,14;4,18;Negativno;Ne
131;0,5;-18,6;6,7;6,483602275392572;Pozitivno;Da
132;15,0;-42,2;6,56;3,95;Negativno;Ne
133;0,3;-38,3;6,52;0,39;Negativno;Ne
134;14,2;-37,2;7,2;3,01;Negativno;Ne
135;11,7;-51,9;6,49;3,16;Negativno;Ne
136;6,6;-62,6;6,85;5,54;Negativno;Ne
137;8,3;-68,0;7,7;5,16;Negativno;Ne
138;4,4;-8,7;7,39;10,673602275392572;Pozitivno;Da
139;5,2;-87,5;6,85;0,25;Pozitivno;Ne
140;7,3;-54,4;7,66;5,51;Negativno;Ne
141;5,1;-43,8;7,01;3,24;Negativno;Ne
142;1,6;-29,9;7,31;2,18;Negativno;Ne
143;7,5;-51,2;8,1;0,95;Negativno;Ne
144;14,5;-62,4;6,83;1,7;Negativno;Ne
145;10,5;-62,2;7,12;4,54;Negativno;Ne
146;14,5;-67,4;7,11;2,24;Negativno;Ne
147;1,3;-70,1;7,56;0,27;Negativno;Ne
148;14,9;-75,7;7,03;3,78;Pozitivno;Ne
149;0,8;-54,0;7,67;3,84;Negativno;Ne
150;11,1;-51,5;7,08;3,63;Negativno;Ne
151;9,6;-54,7;7,85;0,2;Negativno;Ne
152;11,7;-20,6;6,87;5,18;Negativno;Ne
153;8,4;-44,0;5,51;3,37;Negativno;Ne
154;5,8;-70,8;7,28;5,3;Negativno;Ne
155;0,6;-61,9;7,6;5,68;Negativno;Ne
156;9,8;-57,6;6,85;4,57;Negativno;Ne
157;0,3;-49,4;6,7;1,46;Negativno;Ne
158;12,7;-64,1;7,19;1,57;Negativno;Ne
159;6,8;-40,9;6,55;1,5;Negativno;Ne
160;1,2;-74,8;7,62;4,0;Negativno;Ne
161;11,9;-53,2;6,58;2,03;Negativno;Ne
162;12,0;-16,9;7,49;7,213602275392573;Pozitivno;Da
163;15,0;-64,1;7,19;0,82;Pozitivno;Ne
164;6,6;-54,5;7,84;5,13;Negativno;Ne
165;12,5;-58,0;7,33;3,18;Negativno;Ne
166;4,7;-53,1;6,62;2,3;Negativno;Ne
167;1,1;-59,6;6,51;5,47;Negativno;Ne
168;6,6;-7,6;6,13;9,343602275392572;Pozitivno;Da
169;1,7;-87,3;6,64;5,65;Negativno;Ne
170;12,3;-32,1;6,88;2,91;Negativno;Ne
171;14,0;-56,6;6,56;0,75;Negativno;Ne
172;0,4;-12,3;6,88;10,093602275392573;Pozitivno;Da
173;13,9;-28,2;6,75;2,14;Negativno;Ne
174;13,6;-9,7;6,79;7,023602275392572;Pozitivno;Da
175;1,0;-27,6;7,45;4,34;Pozitivno;Ne
176;10,4;-43,7;7,08;4,91;Negativno;Ne
177;11,7;-46,3;6,57;1,18;Negativno;Ne
178;4,7;-33,9;7,04;4,67;Negativno;Ne
179;4,4;-66,2;6,96;4,09;Negativno;Ne
180;4,7;-35,4;6,04;2,94;Negativno;Ne
181;7,2;-46,7;7,78;0,97;Negativno;Ne
182;2,4;-36,6;7,05;0,58;Negativno;Ne
183;5,6;-53,2;6,88;5,23;Negativno;Ne
184;5,8;-59,8;6,92;0,88;Negativno;Ne
185;14,6;-53,0;8,23;0,93;Negativno;Ne
186;13,9;-58,4;7,66;3,53;Negativno;Ne
187;6,0;-59,7;7,31;5,27;Negativno;Ne
188;10,9;-18,9;7,35;4,3;Negativno;Da
189;10,5;-71,1;7,6;1,15;Negativno;Ne
190;5,0;-72,1;6,7;0,2;Negativno;Ne
191;9,7;-13,4;7,24;9,633602275392573;Pozitivno;Da
192;7,5;-60,2;7,06;3,83;Negativno;Ne
193;6,3;-42,2;6,93;2,03;Negativno;Ne
194;10,6;-56,0;8,17;5,78;Negativno;Ne
195;14,8;-28,4;7,35;0,93;Negativno;Ne
196;5,8;-23,3;6,98;1,43;Negativno;Ne
197;12,7;-67,4;7,06;1,41;Negativno;Ne
198;14,0;-65,7;7,02;5,51;Negativno;Ne
199;8,5;-58,4;7,61;2,5;Negativno;Ne
200;0,9;-45,2;6,78;5,09;Pozitivno;Ne
201;11,5;-43,5;6,18;0,17;Pozitivno;Ne
202;7,8;-49,7;7,48;3,67;Negativno;Da
203;8,4;-23,6;7,46;3,61;Pozitivno;Ne
204;7,7;-48,4;7,73;2,79;Negativno;Ne
205;2,2;-13,4;7,01;9,455609384038217;Pozitivno;Da
206;9,8;-61,0;6,55;4,53;Negativno;Ne
207;13,7;-50,6;6,74;1,91;Negativno;Ne
208;6,6;-60,4;6,06;3,19;Negativno;Ne
209;14,0;-47,7;6,61;5,98;Negativno;Ne
210;7,3;-36,1;6,79;2,15;Negativno;Ne
211;6,9;-36,9;6,93;0,69;Negativno;Ne
212;0,1;-33,8;6,95;1,81;Negativno;Ne
213;2,5;-31,9;7,16;3,02;Negativno;Ne
214;0,9;-49,8;7,58;5,08;Negativno;Ne
215;9,2;-65,1;7,0;1,33;Negativno;Ne
216;11,7;-8,1;7,14;6,193602275392572;Pozitivno;Da
217;7,8;-13,8;7,0;10,595609384038216;Pozitivno;Da
218;7,9;-29,9;6,86;3,36;Negativno;Ne
219;13,8;-36,9;6,21;5,39;Negativno;Ne
220;12,6;-70,1;6,29;0,25;Negativno;Ne
221;12,3;-33,1;6,96;1,58;Pozitivno;Ne
222;5,1;-45,7;7,33;2,97;Negativno;Ne
223;5,1;-46,2;6,19;4,32;Negativno;Ne
224;0,9;-30,4;5,92;2,51;Pozitivno;Ne
225;1,7;-27,0;7,72;1,49;Negativno;Ne
226;12,8;-62,4;7,77;2,6;Negativno;Ne
227;0,4;-52,7;6,41;1,15;Negativno;Ne
228;14,6;-5,1;6,75;9,090542193791464;Pozitivno;Da
229;9,7;-47,6;7,55;1,09;Negativno;Ne
230;1,5;-42,6;6,75;5,64;Pozitivno;Ne
231;5,3;-60,3;6,39;1,74;Negativno;Ne
232;5,8;-70,3;7,17;2,23;Negativno;Ne
233;12,5;-21,8;6,86;1,95;Negativno;Ne
234;9,6;-51,6;6,49;5,76;Negativno;Ne
235;6,7;-7,8;6,99;8,225609384038217;Pozitivno;Da
236;12,6;-56,6;7,19;5,24;Negativno;Ne
237;10,8;-54,0;7,63;3,98;Negativno;Ne
238;3,5;-50,4;7,18;2,99;Negativno;Ne
239;4,6;-43,8;7,57;1,61;Negativno;Ne
240;9,3;-62,2;6,27;4,39;Negativno;Ne
241;11,5;-49,8;7,05;4,02;Negativno;Ne
242;12,8;-36,4;7,49;4,76;Negativno;Ne
243;4,2;-14,5;8,06;1,93;Negativno;Ne
244;10,2;-54,7;7,0;2,79;Negativno;Ne
245;5,9;150,0;-2,0;1,13;Pozitivno;Ne
246;14,7;-56,6;6,62;5,43;Negativno;Ne
247;13,7;-58,0;7,78;4,16;Negativno;Ne
248;1,7;-50,3;6,48;2,29;Negativno;Ne
249;7,1;-60,6;6,73;4,01;Pozitivno;Ne
250;10,4;-51,2;7,02;2,97;Negativno;Ne
251;11,2;-52,1;6,89;3,18;Negativno;Ne
252;2,9;-27,6;6,76;4,24;Negativno;Ne
253;0,3;-45,4;6,71;0,63;Negativno;Ne
254;12,6;-66,2;6,89;2,39;Pozitivno;Ne
255;10,0;-36,2;6,67;0,18;Negativno;Ne
256;8,9;-68,1;7,37;5,4;Pozitivno;Ne
257;0,9;-55,5;7,37;3,31;Negativno;Ne
258;13,5;-24,7;7,65;0,13;Negativno;Ne
259;9,2;-47,8;7,17;5,06;Negativno;Ne
260;0,3;-61,9;6,72;0,89;Pozitivno;Ne
261;5,0;-45,7;6,58;1,46;Negativno;Ne
262;6,0;-5,3;6,76;8,270019214910176;Pozitivno;Da
263;2,5;-55,1;7,34;1,51;Negativno;Ne
264;8,2;-57,2;6,95;1,58;Negativno;Ne
265;8,0;-24,5;7,55;4,1;Negativno;Ne
266;8,8;-36,0;7,29;2,8;Negativno;Ne
267;3,8;-69,4;7,09;4,36;Negativno;Ne
268;13,4;-34,3;6,44;3,05;Negativno;Da
269;10,0;-30,7;6,85;3,65;Negativno;Ne
270;2,5;-58,2;6,52;0,66;Negativno;Ne
271;7,7;-7,5;6,76;7,023602275392572;Pozitivno;Da
272;8,5;-40,8;6,33;4,04;Negativno;Da
273;14,0;-45,2;6,55;0,35;Negativno;Ne
274;0,8;-28,1;7,1;2,44;Negativno;Ne
275;13,7;-73,0;6,78;5,09;Negativno;Ne
276;4,0;-43,4;7,49;0,49;Negativno;Ne
277;11,3;-51,0;7,16;0,16;Negativno;Ne
278;11,3;-92,8;7,57;4,72;Negativno;Ne
279;5,7;-34,1;6,61;2,96;Negativno;Ne
280;3,0;-30,3;7,03;3,02;Negativno;Ne
281;9,2;-51,7;6,21;4,57;Negativno;Ne
282;10,2;-64,2;5,9;5,95;Negativno;Ne
283;12,7;-63,5;6,74;5,98;Negativno;Ne
284;5,7;-50,2;6,33;3,78;Negativno;Ne
285;10,8;-56,0;7,02;2,0;Negativno;Ne
286;11,1;-29,8;7,06;1,28;Pozitivno;Ne
287;14,1;-61,1;6,72;5,63;Negativno;Ne
288;6,6;-21,3;6,65;5,85;Negativno;Ne
289;3,3;-65,3;6,89;2,38;Negativno;Ne
290;8,7;-60,6;7,25;3,16;Negativno;Ne
291;6,8;-17,9;6,95;5,56;Negativno;Da
292;5,7;-57,9;6,86;4,77;Negativno;Ne
293;3,2;-53,0;7,16;4,05;Negativno;Ne
294;5,0;-30,9;7,3;1,13;Negativno;Ne
295;5,2;-49,6;6,36;4,83;Negativno;Ne
296;9,4;-24,4;6,77;3,88;Negativno;Ne
297;14,1;-78,7;7,08;4,4;Negativno;Ne
298;13,0;-11,1;6,26;10,313602275392572;Pozitivno;Da
299;3,5;-49,2;6,63;0,85;Negativno;Ne
300;1,3;-51,8;6,66;1,18;Negativno;Ne
301;10,2;-61,0;7,05;0,39;Negativno;Ne
302;9,5;-32,4;6,51;5,78;Negativno;Ne
303;13,0;-52,3;6,79;2,02;Negativno;Ne
304;2,0;-63,5;6,34;5,39;Pozitivno;Ne
305;2,5;-63,8;7,0;4,21;Negativno;Ne
306;0,1;-39,4;7,1;2,18;Negativno;Ne
307;14,9;-59,5;7,36;2,32;Negativno;Ne
308;7,8;-64,9;7,1;1,45;Negativno;Ne
309;11,4;-67,2;7,41;1,59;Negativno;Ne
310;9,3;-42,6;6,41;0,67;Negativno;Ne
311;1,5;-48,6;7,11;0,85;Negativno;Ne
312;14,6;-54,2;6,45;1,31;Negativno;Ne
313;3,3;-39,0;6,53;4,34;Negativno;Ne
314;3,7;-33,1;7,65;3,22;Pozitivno;Ne
315;2,5;-9,4;7,53;7,733602275392572;Pozitivno;Da
316;3,7;-43,1;6,54;5,01;Negativno;Ne
317;4,3;-63,3;5,8;1,64;Negativno;Ne
318;14,7;-53,4;7,34;0,53;Negativno;Ne
319;4,8;-52,2;6,68;0,52;Negativno;Ne
320;11,7;-52,1;6,77;5,55;Negativno;Ne
321;7,3;-28,0;6,63;3,49;Negativno;Ne
322;14,2;-23,4;7,23;0,15;Negativno;Ne
323;8,2;-25,2;7,88;3,91;Negativno;Ne
324;2,0;-77,3;7,54;5,26;Negativno;Ne
325;9,8;-64,7;7,4;1,07;Negativno;Ne
326;4,6;-44,9;6,32;4,67;Negativno;Ne
327;6,4;-44,0;6,94;4,25;Negativno;Ne
328;7,7;-38,5;7,26;2,47;Negativno;Ne
329;1,3;-39,3;7,08;5,2;Negativno;Ne
330;10,3;-46,5;6,99;5,23;Negativno;Ne
331;6,7;-61,8;7,02;3,23;Negativno;Ne
332;8,6;-44,3;7,0;0,42;Negativno;Ne
333;5,9;-58,2;7,28;0,36;Negativno;Ne
334;10,5;-69,6;6,82;3,19;Pozitivno;Ne
335;3,1;-41,0;6,26;0,79;Negativno;Ne
336;4,9;-46,9;7,59;4,06;Negativno;Ne
337;1,4;-48,9;6,45;4,16;Negativno;Ne
338;9,4;-54,5;6,3;5,96;Negativno;Ne
339;8,6;-47,1;7,14;1,11;Negativno;Ne
340;13,3;-56,1;6,89;1,33;Negativno;Ne
341;6,6;-62,7;7,73;3,98;Negativno;Da
342;5,0;-37,6;7,72;4,78;Negativno;Ne
343;7,3;-43,3;6,6;2,3;Negativno;Ne
344;10,8;-39,0;6,3;2,14;Negativno;Ne
345;9,4;-16,6;7,54;9,325609384038216;Pozitivno;Da
346;2,6;-30,5;7,99;3,17;Negativno;Ne
347;12,0;-51,1;6,39;1,11;Negativno;Ne
348;10,7;-34,1;6,92;2,64;Negativno;Ne
349;5,3;-62,1;6,82;1,08;Negativno;Ne
350;5,3;-27,2;7,28;0,61;Negativno;Ne
351;0,2;-53,7;6,6;5,07;Negativno;Ne
352;11,9;-10,5;7,71;8,403602275392572;Pozitivno;Da
353;9,8;-59,5;6,56;2,66;Negativno;Ne
354;2,5;-55,7;7,31;1,97;Pozitivno;Ne
355;2,4;-44,6;7,1;0,77;Negativno;Ne
356;7,3;-57,6;7,79;4,48;Negativno;Ne
357;0,7;-60,8;7,18;4,54;Negativno;Ne
358;8,7;-47,1;7,44;5,98;Negativno;Ne
359;11,5;-42,3;6,88;2,53;Negativno;Ne
360;1,7;-63,7;6,79;1,83;Negativno;Ne
361;2,8;-55,6;7,63;2,55;Negativno;Ne
362;6,1;-45,5;7,14;1,52;Negativno;Ne
363;3,8;-61,2;6,47;0,21;Negativno;Ne
364;13,2;-63,9;7,27;5,03;Negativno;Ne
365;11,4;-55,9;6,7;0,56;Pozitivno;Ne
366;15,0;-29,1;6,24;4,88;Negativno;Ne
367;5,3;-48,5;6,85;5,55;Negativno;Ne
368;4,0;-46,2;7,85;0,6;Negativno;Ne
369;8,2;-30,5;7,51;0,69;Negativno;Ne
370;4,1;-50,7;7,32;1,64;Negativno;Ne
371;13,0;-58,7;6,96;2,85;Negativno;Ne
372;3,2;-22,1;6,54;0,98;Negativno;Ne
373;0,2;-51,7;6,44;3,85;Negativno;Ne
374;7,4;-38,3;7,14;1,42;Negativno;Ne
375;5,6;-43,0;6,66;1,44;Negativno;Ne
376;14,1;-52,1;7,29;2,64;Negativno;Ne
377;1,3;-43,3;7,19;5,63;Negativno;Ne
378;5,6;-59,2;7,32;3,88;Negativno;Da
379;7,9;-37,4;7,0;4,01;Negativno;Ne
380;8,2;-41,9;7,36;1,42;Pozitivno;Ne
381;5,7;150,0;-2,0;4,34;Pozitivno;Ne
382;0,3;-68,2;7,16;0,42;Negativno;Ne
383;8,7;-82,6;7,31;2,13;Negativno;Ne
384;10,3;-49,8;7,16;5,02;Negativno;Ne
385;10,3;-12,4;6,66;7,270542193791464;Pozitivno;Da
386;1,7;-40,2;7,25;3,9;Negativno;Ne
387;8,0;-43,4;6,19;1,96;Negativno;Ne
388;1,0;-59,1;7,03;1,83;Negativno;Ne
389;13,4;-63,2;6,92;0,61;Negativno;Ne
390;13,6;-68,1;7,01;0,33;Negativno;Da
391;7,6;-39,7;6,9;3,67;Negativno;Ne
392;9,9;-42,4;7,12;2,96;Negativno;Ne
393;10,7;-27,6;7,66;2,92;Negativno;Ne
394;2,3;-27,1;6,99;0,12;Negativno;Ne
395;2,2;-65,9;6,36;5,61;Negativno;Ne
396;9,9;-52,9;5,99;2,32;Negativno;Ne
397;10,1;-64,4;7,73;2,45;Negativno;Ne
398;5,1;-50,5;7,68;1,68;Negativno;Ne
399;6,9;-43,8;7,7;0,27;Negativno;Ne
400;14,1;-37,5;5,98;3,86;Pozitivno;Ne
401;4,0;-29,7;6,19;4,35;Negativno;Ne
402;4,1;-78,9;7,06;4,7;Negativno;Ne
403;1,2;-83,7;7,38;2,02;Negativno;Ne
404;9,9;-59,4;7,82;5,0;Negativno;Ne
405;3,1;-65,8;7,74;3,31;Negativno;Ne
406;9,6;-7,9;7,02;7,953602275392572;Pozitivno;Da
407;9,5;-16,4;6,1;0,68;Negativno;Ne
408;7,3;-50,3;7,58;2,84;Negativno;Ne
409;8,6;-23,5;6,44;5,76;Negativno;Ne
410;3,7;-40,5;7,02;3,72;Negativno;Ne
411;3,8;-51,2;6,85;0,51;Negativno;Ne
412;10,6;-49,2;7,3;1,94;Negativno;Ne
413;0,8;-63,4;7,32;5,21;Negativno;Ne
414;3,7;-52,4;6,44;5,45;Negativno;Da
415;13,2;-38,8;7,48;1,35;Negativno;Da
416;8,7;-47,2;6,15;5,02;Negativno;Ne
417;3,9;-37,0;7,07;2,93;Negativno;Ne
418;12,1;-50,3;7,28;2,78;Negativno;Ne
419;1,0;-56,5;6,74;3,5;Negativno;Ne
420;10,6;-63,3;7,59;1,23;Negativno;Ne
421;9,6;-23,7;7,95;3,37;Negativno;Da
422;12,9;-71,0;7,0;3,53;Negativno;Ne
423;4,3;-67,4;7,07;4,61;Negativno;Ne
424;1,3;-57,1;6,94;1,87;Negativno;Ne
425;11,1;-55,7;7,64;4,0;Negativno;Ne
426;8,1;-67,9;7,22;4,39;Negativno;Ne
427;3,0;-51,8;6,8;1,5;Negativno;Ne
428;13,7;-48,5;6,99;2,77;Negativno;Ne
429;14,1;-46,8;6,84;4,8;Negativno;Ne
430;1,9;-38,1;6,64;0,81;Negativno;Ne
431;7,0;-35,0;7,11;0,11;Negativno;Ne
432;0,4;-45,9;7,87;2,95;Negativno;Ne
433;8,8;-45,5;7,65;1,3;Negativno;Ne
434;12,4;-50,4;7,74;2,24;Negativno;Ne
435;3,8;-44,9;7,19;2,01;Negativno;Ne
436;13,6;-51,8;6,41;5,02;Negativno;Ne
437;12,1;-42,6;7,37;3,57;Negativno;Ne
438;13,4;-48,4;6,8;0,11;Negativno;Ne
439;14,7;-70,8;7,59;0,72;Pozitivno;Ne
440;9,2;-63,2;6,52;1,7;Negativno;Ne
441;8,0;-64,5;7,01;3,74;Negativno;Ne
442;7,3;-68,7;8,02;5,03;Negativno;Ne
443;8,2;-53,5;6,91;2,75;Negativno;Da
444;5,0;-39,5;5,47;1,81;Negativno;Ne
445;12,6;-50,5;6,52;0,88;Negativno;Ne
446;4,0;-51,8;6,77;3,13;Negativno;Ne
447;10,9;-62,6;6,59;5,18;Negativno;Ne
448;4,6;-74,4;6,55;1,63;Negativno;Ne
449;6,0;-49,3;7,08;2,86;Negativno;Ne
450;10,9;-58,4;7,49;5,73;Negativno;Da
451;1,8;-42,8;7,5;3,23;Negativno;Ne
452;3,2;150,0;-2,0;4,76;Pozitivno;Ne
453;1,5;-56,4;6,63;4,36;Pozitivno;Ne
454;6,4;-65,1;7,11;1,4;Pozitivno;Ne
455;12,1;-52,9;7,03;1,52;Negativno;Ne
456;8,4;-60,5;6,43;4,86;Negativno;Ne
457;4,1;-34,4;6,3;2,99;Negativno;Ne
458;4,5;-38,0;7,66;5,79;Negativno;Ne
459;8,5;-42,2;6,77;2,08;Negativno;Ne
460;13,4;-54,7;7,46;4,59;Pozitivno;Ne
461;6,7;-14,1;6,37;7,9856093840382165;Pozitivno;Da
462;1,5;-52,5;7,22;3,9;Negativno;Ne
463;8,4;-14,3;7,19;6,680542193791464;Pozitivno;Da
464;9,9;-41,2;6,83;4,2;Pozitivno;Ne
465;12,8;-70,4;7,4;0,49;Negativno;Ne
466;14,1;-62,3;6,35;1,12;Negativno;Ne
467;12,6;-17,4;6,5;4,2200192149101765;Pozitivno;Da
468;14,3;-42,7;6,31;5,76;Negativno;Ne
469;14,9;-53,1;6,56;3,72;Negativno;Ne
470;3,6;-57,0;6,43;4,11;Negativno;Ne
471;3,9;-46,6;6,85;2,46;Negativno;Ne
472;0,9;-66,9;6,75;5,31;Negativno;Ne
473;5,5;-56,5;6,81;1,13;Negativno;Ne
474;9,9;-45,3;6,42;5,18;Pozitivno;Ne
475;4,8;-59,6;7,34;2,8;Negativno;Ne
476;6,8;-11,5;6,99;10,053602275392572;Pozitivno;Da
477;3,4;-74,5;7,42;1,38;Negativno;Ne
478;1,0;-68,2;6,66;1,99;Negativno;Ne
479;11,0;-22,8;7,57;3,54;Negativno;Ne
480;6,5;-33,3;6,62;3,81;Negativno;Ne
481;7,0;-47,5;6,83;5,77;Negativno;Ne
482;1,4;-40,7;7,06;0,95;Negativno;Ne
483;9,0;-72,7;7,77;5,11;Negativno;Ne
484;12,0;-48,9;6,81;5,76;Negativno;Ne
485;8,4;-65,3;7,07;1,91;Negativno;Ne
486;7,6;-52,3;6,91;2,59;Negativno;Ne
487;9,4;-27,0;5,74;5,54;Negativno;Ne
488;10,4;-31,5;6,48;0,61;Negativno;Ne
489;5,7;-43,2;7,08;1,66;Negativno;Da
490;3,1;-58,1;6,25;0,98;Negativno;Da
491;6,4;-49,4;7,42;5,47;Negativno;Ne
492;13,2;-39,5;7,38;5,35;Pozitivno;Ne
493;4,6;-46,2;5,88;2,82;Negativno;Ne
494;12,1;-66,8;6,13;2,43;Negativno;Ne
495;0,8;-22,8;6,96;1,82;Negativno;Ne
496;10,0;-36,5;6,58;4,42;Negativno;Ne
497;11,8;-43,3;7,87;0,41;Negativno;Ne
498;11,6;-48,0;8,0;4,61;Negativno;Ne
499;14,3;-56,5;7,46;4,27;Negativno;Ne
500;3,7;-35,1;6,3;4,2;Negativno;Ne
501;14,8;-59,6;6,24;5,4;Pozitivno;Da
502;5,1;-38,0;6,77;0,3;Negativno;Ne
503;11,1;-30,2;7,79;4,1;Negativno;Ne
504;4,8;-62,0;7,03;4,1;Negativno;Ne
505;11,1;-45,3;6,71;1,55;Negativno;Ne
506;13,6;-55,7;6,44;1,56;Pozitivno;Ne
507;11,3;-35,5;6,98;2,54;Pozitivno;Ne
508;8,1;-49,2;7,44;0,51;Negativno;Ne
509;5,7;-39,8;6,99;4,34;Negativno;Ne
510;13,7;-50,6;6,41;4,19;Negativno;Ne
511;6,0;-31,6;7,03;0,19;Negativno;Da
512;2,2;-45,3;6,59;2,16;Negativno;Ne
513;1,4;-59,7;7,29;5,91;Negativno;Ne
514;6,5;-49,3;7,26;0,35;Negativno;Ne
515;6,2;-44,9;7,37;2,08;Negativno;Ne
516;2,7;-30,2;7,29;4,91;Negativno;Ne
517;6,4;-71,5;7,49;0,88;Negativno;Ne
518;0,7;-75,0;7,65;1,5;Negativno;Ne
519;10,9;-52,1;6,5;0,17;Negativno;Ne
520;0,7;-48,5;6,7;1,73;Negativno;Ne
521;2,6;-36,2;8,24;4,03;Negativno;Ne
522;8,8;-29,3;7,0;0,19;Negativno;Ne
523;12,7;-36,0;6,34;2,85;Negativno;Da
524;3,9;-11,1;6,88;4,21;Negativno;Da
525;1,3;-48,1;6,84;0,17;Negativno;Ne
526;0,1;-57,2;6,89;0,32;Negativno;Ne
527;14,8;-55,6;6,56;0,79;Negativno;Ne
528;8,1;-51,7;7,04;4,83;Negativno;Ne
529;4,0;-41,8;7,66;0,8;Negativno;Ne
530;12,1;-43,7;7,22;2,25;Negativno;Ne
531;3,0;-53,7;6,1;3,4;Negativno;Ne
532;6,8;-86,2;7,04;0,98;Negativno;Ne
533;14,5;-50,5;7,1;4,11;Negativno;Ne
534;0,9;-12,3;6,73;10,703602275392573;Pozitivno;Da
535;4,4;-65,0;7,17;0,66;Negativno;Ne
536;4,8;-70,7;5,99;0,78;Negativno;Ne
537;9,6;-47,6;6,95;5,59;Negativno;Ne
538;0,4;-58,8;6,36;3,62;Negativno;Ne
539;8,6;-53,9;7,19;3,71;Negativno;Ne
540;6,2;-21,6;7,53;2,85;Negativno;Ne
541;14,9;-63,4;7,48;1,42;Negativno;Ne
542;12,7;-63,0;7,19;0,29;Negativno;Ne
543;13,5;-56,3;7,09;0,39;Negativno;Ne
544;0,9;-15,9;6,94;8,313602275392572;Pozitivno;Da
545;13,7;-32,2;6,42;5,59;Negativno;Ne
546;5,9;-29,5;7,75;1,88;Negativno;Ne
547;2,0;-44,3;6,48;4,77;Negativno;Ne
548;12,7;-76,2;7,19;3,96;Pozitivno;Ne
549;11,6;-44,2;5,96;1,17;Negativno;Ne
550;6,7;-58,7;7,03;1,6;Negativno;Ne
551;13,2;-76,2;7,22;5,31;Negativno;Ne
552;15,0;-31,9;6,38;2,52;Negativno;Ne
553;12,3;-42,1;7,1;0,22;Negativno;Ne
554;7,4;-52,6;7,39;4,86;Negativno;Ne
555;11,2;-42,1;6,4;5,06;Negativno;Da
556;9,2;-63,5;8,21;3,29;Negativno;Ne
557;7,8;-20,0;7,5;1,97;Negativno;Ne
558;7,5;-55,6;6,63;2,48;Negativno;Ne
559;8,5;-9,1;7,0;5,31;Negativno;Ne
560;9,7;-44,4;7,2;1,36;Negativno;Ne
561;8,3;-7,1;7,13;7,660019214910176;Pozitivno;Da
562;5,2;-50,3;6,65;2,96;Negativno;Ne
563;12,2;-48,6;7,23;2,66;Negativno;Ne
564;6,4;-56,8;6,18;1,06;Negativno;Ne
565;1,9;-13,2;6,53;11,385609384038217;Pozitivno;Da
566;6,9;-75,5;6,77;2,47;Negativno;Ne
567;7,8;-52,9;7,81;3,14;Negativno;Ne
568;5,2;-59,7;6,89;3,81;Negativno;Ne
569;0,6;-43,1;7,62;3,14;Negativno;Ne
570;3,1;-62,2;7,57;2,17;Negativno;Ne
571;11,5;-46,7;7,55;4,95;Negativno;Ne
572;5,1;-48,0;6,29;0,14;Negativno;Ne
573;2,7;-51,0;7,27;2,67;Negativno;Ne
574;2,2;-6,3;7,33;5,8436022753925725;Pozitivno;Da
575;7,9;-57,7;6,69;2,33;Negativno;Ne
576;2,7;-50,0;7,94;0,32;Negativno;Ne
577;5,0;-54,3;6,98;4,72;Negativno;Ne
578;11,4;-46,2;6,35;4,62;Pozitivno;Ne
579;1,8;-32,2;6,45;1,77;Negativno;Ne
580;12,2;-43,8;7,06;5,85;Negativno;Ne
581;8,6;-54,8;6,9;4,63;Negativno;Ne
582;0,6;-60,0;7,58;4,53;Negativno;Ne
583;14,7;-59,8;7,43;3,51;Negativno;Ne
584;5,3;-46,8;7,66;1,1;Negativno;Ne
585;7,5;-60,0;6,41;2,26;Negativno;Da
586;14,7;-65,7;6,78;0,37;Negativno;Ne
587;12,3;-35,8;7,0;3,66;Negativno;Da
588;13,0;-79,1;8,13;1,36;Negativno;Ne
589;8,3;-38,8;7,61;3,9;Negativno;Ne
590;1,0;-66,4;7,12;1,31;Negativno;Ne
591;4,5;-64,0;7,45;3,2;Negativno;Ne
592;10,8;-51,5;7,58;5,79;Negativno;Ne
593;2,6;-53,1;7,05;4,07;Negativno;Ne
594;12,2;-73,7;6,78;3,31;Negativno;Ne
595;2,9;-59,3;6,98;5,12;Negativno;Da
596;11,0;-69,7;6,84;4,6;Negativno;Ne
597;6,7;-38,7;7,6;3,94;Negativno;Ne
598;0,9;-65,0;6,6;4,6;Negativno;Ne
599;11,9;-61,3;6,74;0,49;Negativno;Ne
600;5,9;-43,7;6,14;3,54;Negativno;Ne
601;13,3;-55,1;6,86;1,77;Negativno;Ne
602;12,7;-58,9;6,73;5,45;Negativno;Da
603;0,9;-37,8;7,8;1,02;Negativno;Da
604;5,0;-45,7;7,47;4,87;Negativno;Ne
605;0,2;-57,1;6,55;4,66;Negativno;Ne
606;4,4;-60,8;6,74;5,75;Negativno;Ne
607;4,5;-61,6;6,63;3,04;Negativno;Ne
608;2,4;-31,4;7,72;4,37;Negativno;Ne
609;9,1;-51,0;7,46;1,23;Negativno;Ne
610;0,5;-44,3;7,45;1,07;Negativno;Ne
611;0,8;-42,8;7,65;5,55;Pozitivno;Ne
612;4,9;-37,7;6,97;4,39;Negativno;Ne
613;8,0;-36,7;7,26;2,75;Negativno;Ne
614;9,6;-12,5;7,6;6,550019214910176;Pozitivno;Da
615;7,7;-60,4;6,72;2,22;Pozitivno;Ne
616;1,6;-65,6;6,65;2,38;Negativno;Ne
617;2,7;-42,9;6,48;4,04;Negativno;Ne
618;5,3;-34,9;7,01;0,15;Negativno;Ne
619;14,2;-55,4;6,6;1,27;Negativno;Ne
620;14,7;-31,9;7,11;1,09;Negativno;Ne
621;4,9;-50,6;7,41;1,63;Negativno;Ne
622;3,0;-53,4;7,27;4,29;Pozitivno;Ne
623;10,3;-42,1;7,25;1,35;Negativno;Ne
624;5,9;-58,0;7,36;3,32;Negativno;Ne
625;7,5;-11,7;6,65;6,223602275392572;Pozitivno;Da
626;12,5;-64,0;6,68;1,43;Negativno;Ne
627;3,7;-28,5;7,23;4,69;Negativno;Ne
628;6,0;-11,5;7,29;9,103602275392571;Pozitivno;Da
629;0,2;-60,2;6,71;2,62;Negativno;Ne
630;12,4;-49,6;7,14;4,74;Negativno;Ne
631;0,3;-31,2;6,89;5,92;Negativno;Ne
632;1,3;-41,0;7,71;0,9;Negativno;Ne
633;2,0;-54,2;6,85;4,47;Negativno;Ne
634;11,0;-50,0;6,67;2,75;Negativno;Ne
635;14,0;-17,7;6,52;3,75;Negativno;Ne
636;12,8;-49,2;7,06;0,28;Pozitivno;Ne
637;6,8;-14,7;7,49;10,71360227539257;Pozitivno;Da
638;4,3;-46,6;6,28;0,49;Negativno;Ne
639;9,7;-58,5;7,73;2,27;Negativno;Ne
640;14,6;-21,9;6,88;1,16;Negativno;Da
641;2,8;-69,6;7,16;1,51;Negativno;Ne
642;3,2;-37,5;7,07;5,01;Negativno;Ne
643;11,8;-55,7;6,46;4,81;Negativno;Ne
644;2,9;-65,6;7,42;5,29;Pozitivno;Ne
645;6,6;-46,9;6,18;3,68;Negativno;Ne
646;4,2;-53,8;7,57;2,51;Negativno;Ne
647;12,6;-75,8;6,87;4,14;Negativno;Ne
648;14,1;-36,3;6,44;5,27;Pozitivno;Ne
649;6,4;-47,7;7,51;1,92;Negativno;Ne
650;10,8;-65,0;6,18;0,45;Negativno;Ne
651;9,3;-64,8;6,52;1,64;Pozitivno;Ne
652;14,7;-5,7;6,65;8,420019214910177;Pozitivno;Da
653;6,0;-37,8;7,47;4,04;Negativno;Ne
654;12,4;-34,2;7,1;4,51;Negativno;Ne
655;3,7;-43,5;6,95;1,29;Negativno;Ne
656;4,3;-41,4;6,51;3,0;Negativno;Ne
657;8,9;-51,8;6,87;3,95;Negativno;Ne
658;2,9;-36,6;8,6;4,09;Negativno;Ne
659;7,2;-34,2;7,15;1,0;Negativno;Ne
660;11,4;-44,9;6,46;0,25;Pozitivno;Ne
661;2,0;-44,5;7,17;1,47;Pozitivno;Ne
662;14,0;-61,1;6,34;5,5;Negativno;Ne
663;5,3;-24,0;5,83;0,29;Negativno;Ne
664;9,1;-56,0;7,94;0,9;Negativno;Ne
665;0,9;-56,1;7,18;3,61;Negativno;Da
666;6,1;-53,0;5,88;1,16;Negativno;Ne
667;0,1;-53,8;7,74;0,16;Negativno;Ne
668;1,0;-78,8;6,91;2,61;Negativno;Ne
669;1,7;-40,4;7,39;3,55;Negativno;Ne
670;7,5;-56,5;6,56;3,07;Negativno;Ne
671;1,4;-64,9;6,93;5,9;Negativno;Ne
672;6,2;-41,4;7,53;1,4;Negativno;Ne
673;14,1;-43,7;6,72;0,92;Negativno;Ne
674;5,8;-43,1;6,71;1,63;Negativno;Ne
675;0,7;-36,7;7,15;2,24;Negativno;Ne
676;14,2;-37,8;7,03;1,14;Negativno;Da
677;2,0;-69,3;7,05;1,66;Negativno;Ne
678;0,9;-69,5;5,97;3,44;Negativno;Ne
679;0,7;-74,1;6,75;3,71;Pozitivno;Ne
680;0,6;-67,5;6,54;0,77;Negativno;Ne
681;6,9;-47,1;6,51;0,52;Negativno;Ne
682;9,4;-41,1;6,81;4,13;Negativno;Ne
683;11,6;-31,9;6,88;5,6;Negativno;Ne
684;6,3;-43,7;7,67;5,63;Negativno;Ne
685;2,3;-33,6;6,68;2,44;Negativno;Ne
686;1,2;-47,1;6,87;3,96;Negativno;Ne
687;6,6;-51,9;6,63;0,67;Negativno;Ne
688;6,0;-36,4;5,89;3,55;Pozitivno;Ne
689;0,6;-48,9;7,45;1,87;Negativno;Ne
690;5,1;-45,3;7,14;2,42;Negativno;Ne
691;13,1;-53,5;6,88;0,81;Negativno;Ne
692;2,2;-68,3;6,67;0,56;Negativno;Ne
693;3,7;-39,1;6,99;0,87;Negativno;Ne
694;1,1;-63,1;6,8;4,27;Negativno;Ne
695;11,2;-49,0;7,58;0,75;Negativno;Ne
696;3,4;-27,8;6,84;4,82;Negativno;Ne
697;14,0;-45,7;7,0;5,05;Negativno;Ne
698;13,3;-62,6;7,7;5,64;Negativno;Ne
699;10,0;-59,6;6,99;2,23;Negativno;Ne
700;3,8;-30,8;7,69;4,59;Negativno;Ne
701;5,5;-35,6;7,61;4,1;Negativno;Ne
702;0,1;-11,6;7,1;3,8305421937914637;Pozitivno;Da
703;14,6;-52,0;6,38;5,59;Negativno;Ne
704;10,9;-46,1;7,63;2,12;Negativno;Ne
705;10,6;-38,0;6,84;5,99;Negativno;Ne
706;7,3;-61,2;6,72;2,53;Negativno;Ne
707;2,7;-44,7;7,01;1,39;Negativno;Ne
708;14,1;-33,2;7,59;2,88;Negativno;Ne
709;14,2;-46,6;7,43;3,38;Negativno;Ne
710;12,8;-51,5;7,22;4,47;Negativno;Ne
711;10,1;-38,8;7,29;1,54;Negativno;Ne
712;7,1;-51,8;7,02;0,39;Negativno;Ne
713;7,0;-56,2;6,84;4,91;Negativno;Ne
714;10,1;-34,8;7,36;1,12;Negativno;Ne
715;11,6;-33,5;6,75;4,13;Negativno;Ne
716;3,2;-63,8;7,96;1,73;Negativno;Ne
717;2,1;-28,2;7,58;2,82;Pozitivno;Ne
718;3,3;-74,3;7,73;2,63;Negativno;Ne
719;10,6;-56,9;6,67;2,04;Negativno;Ne
720;3,4;-52,0;7,41;1,53;Negativno;Ne
721;7,7;-56,2;6,88;1,33;Pozitivno;Ne
722;3,1;-52,4;6,53;2,11;Negativno;Ne
723;13,6;-64,4;7,75;1,34;Negativno;Ne
724;3,1;-52,4;6,3;4,76;Negativno;Ne
725;6,2;-68,7;6,58;3,77;Negativno;Da
726;5,4;-50,3;7,13;1,73;Negativno;Ne
727;0,2;-53,0;7,63;3,93;Negativno;Ne
728;2,7;-67,1;6,95;2,92;Negativno;Ne
729;11,8;-18,1;6,57;3,9305421937914637;Pozitivno;Da
730;14,4;-60,2;7,56;3,46;Negativno;Ne
731;1,0;-52,7;7,88;5,76;Negativno;Ne
732;3,2;-64,8;7,06;5,69;Negativno;Ne
733;3,8;-23,3;6,59;2,45;Negativno;Ne
734;1,7;-57,4;6,26;5,46;Negativno;Ne
735;14,9;-52,4;6,34;1,17;Negativno;Da
736;7,9;-37,5;7,47;1,31;Negativno;Ne
737;4,6;-45,4;7,49;3,06;Negativno;Ne
738;7,0;-60,0;7,28;0,49;Negativno;Ne
739;13,8;-31,4;6,85;5,86;Negativno;Ne
740;7,8;-63,3;6,79;4,71;Negativno;Ne
741;4,1;-35,3;7,66;2,75;Negativno;Ne
742;11,5;-50,3;7,53;1,97;Negativno;Ne
743;0,9;-50,3;7,26;1,64;Negativno;Ne
744;2,7;-50,5;6,05;1,3;Pozitivno;Ne
745;6,2;-51,9;6,78;0,34;Negativno;Ne
746;4,7;-73,6;6,87;4,59;Negativno;Ne
747;0,5;-54,7;7,0;2,86;Negativno;Ne
748;11,3;-4,9;6,6;1,78;Negativno;Ne
749;12,9;-61,3;6,96;3,77;Negativno;Ne
750;10,2;-42,2;7,29;4,77;Negativno;Ne
751;4,8;-59,0;7,78;1,36;Negativno;Ne
752;6,5;-56,2;7,22;0,49;Negativno;Ne
753;12,6;-49,5;6,12;3,71;Negativno;Ne
754;12,6;-10,6;6,17;6,273602275392572;Pozitivno;Da
755;2,6;-58,3;7,41;5,59;Negativno;Ne
756;4,1;-82,3;6,97;1,68;Negativno;Ne
757;12,4;-57,8;6,1;4,49;Negativno;Ne
758;4,8;-48,7;6,5;3,37;Negativno;Ne
759;7,4;-51,6;6,7;4,42;Negativno;Ne
760;0,8;-13,1;7,78;7,6905421937914635;Pozitivno;Da
761;2,4;-27,6;6,32;2,25;Negativno;Ne
762;12,5;-43,0;7,28;3,25;Pozitivno;Ne
763;12,6;-49,9;7,18;0,76;Negativno;Ne
764;9,4;-62,7;8,46;3,87;Negativno;Ne
765;9,4;-45,7;7,35;4,69;Negativno;Ne
766;3,4;-79,0;6,66;3,68;Negativno;Ne
767;13,3;-57,8;7,45;0,49;Negativno;Ne
768;14,3;-29,9;6,67;2,54;Negativno;Ne
769;3,8;-24,5;7,04;1,29;Negativno;Ne
770;11,7;-53,3;6,52;1,97;Negativno;Ne
771;6,8;-56,4;7,43;1,5;Negativno;Ne
772;5,3;-71,8;6,75;3,72;Pozitivno;Ne
773;3,6;-62,2;7,73;4,92;Negativno;Ne
774;2,8;-57,5;7,58;1,64;Negativno;Ne
775;12,6;-56,1;6,5;5,36;Pozitivno;Ne
776;1,1;-52,0;6,3;2,41;Negativno;Ne
777;10,8;-54,5;7,22;4,83;Negativno;Ne
778;13,7;-5,9;7,15;10,085609384038218;Pozitivno;Da
779;14,7;-15,6;6,38;4,280019214910176;Pozitivno;Da
780;9,3;-52,7;7,15;5,33;Negativno;Da
781;4,6;-21,2;7,24;3,82;Pozitivno;Ne
782;12,6;-51,9;6,36;0,83;Negativno;Ne
783;14,9;-87,0;7,11;2,69;Negativno;Ne
784;6,7;-42,5;7,04;5,77;Negativno;Ne
785;10,7;-55,5;7,66;3,91;Negativno;Ne
786;4,1;-40,7;7,43;1,94;Negativno;Ne
787;8,5;-75,0;6,68;1,05;Negativno;Ne
788;11,1;-35,4;6,76;1,68;Negativno;Ne
789;5,0;-68,2;7,3;0,57;Negativno;Ne
790;5,3;-16,7;7,18;8,160019214910175;Pozitivno;Da
791;3,4;-40,7;6,66;4,82;Negativno;Ne
792;13,1;-31,4;7,47;0,15;Negativno;Ne
793;13,7;-76,8;6,55;5,79;Negativno;Ne
794;8,3;-73,5;7,06;5,26;Negativno;Ne
795;4,9;-49,4;6,53;3,25;Negativno;Ne
796;2,9;-56,5;6,87;1,64;Negativno;Ne
797;2,1;-34,3;7,06;0,65;Negativno;Ne
798;1,8;-43,0;6,54;1,27;Negativno;Ne
799;7,1;-73,0;7,68;1,66;Negativno;Ne
800;8,2;-53,5;6,26;5,65;Negativno;Ne
801;13,6;-56,9;7,74;5,35;Negativno;Ne
802;1,0;-64,4;6,61;3,02;Negativno;Ne
803;2,1;-55,8;7,75;0,77;Negativno;Ne
804;2,6;-48,3;7,04;4,13;Pozitivno;Ne
805;2,6;-38,8;6,58;5,74;Negativno;Ne
806;9,3;-53,7;7,31;2,99;Negativno;Ne
807;5,3;-61,9;6,24;4,13;Negativno;Ne
808;13,5;-69,8;6,69;3,04;Negativno;Ne
809;9,8;-56,0;6,65;4,57;Negativno;Ne
810;3,8;-43,1;7,46;5,24;Negativno;Ne
811;6,6;-56,7;7,31;1,78;Negativno;Ne
812;4,0;-38,0;7,34;4,24;Pozitivno;Ne
813;2,9;-66,3;7,72;2,55;Negativno;Ne
814;0,5;-37,9;7,32;1,26;Negativno;Ne
815;5,5;-11,9;6,95;7,580542193791464;Pozitivno;Da
816;11,4;-55,4;7,42;5,64;Negativno;Ne
817;5,4;-86,2;7,31;0,16;Negativno;Ne
818;13,0;-29,0;7,17;5,99;Negativno;Ne
819;5,9;-48,0;6,76;3,52;Negativno;Ne
820;10,9;-88,0;6,9;3,33;Pozitivno;Ne
821;4,7;-56,3;6,59;3,19;Negativno;Ne
822;11,1;-47,6;6,38;4,6;Negativno;Ne
823;2,7;150,0;-2,0;5,95;Pozitivno;Ne
824;2,6;-49,9;6,25;1,45;Negativno;Ne
825;13,4;-58,9;6,68;2,23;Negativno;Ne
826;8,7;-56,0;6,57;3,28;Negativno;Ne
827;3,0;-42,3;7,25;3,3;Pozitivno;Ne
828;4,2;-70,9;6,75;3,86;Negativno;Ne
829;6,4;-79,0;7,48;3,76;Negativno;Da
830;5,9;-63,3;6,8;0,16;Negativno;Ne
831;9,6;-36,9;6,09;5,56;Negativno;Ne
832;10,0;-73,5;8,05;5,68;Negativno;Ne
833;5,8;-67,7;7,56;3,81;Negativno;Ne
834;5,6;-49,7;7,77;4,36;Negativno;Ne
835;10,0;-43,6;7,31;3,89;Negativno;Ne
836;11,2;-29,6;7,97;5,01;Pozitivno;Ne
837;13,2;-56,3;6,82;3,39;Negativno;Ne
838;12,1;-72,9;7,1;1,6;Negativno;Ne
839;10,2;-57,4;6,87;3,57;Negativno;Ne
840;7,2;-40,6;6,86;2,3;Negativno;Da
841;1,8;-38,0;7,1;0,77;Negativno;Da
842;10,5;-58,0;7,62;0,7;Negativno;Ne
843;3,8;-51,2;7,4;2,29;Negativno;Ne
844;8,2;-63,2;8,05;2,02;Negativno;Ne
845;11,0;-46,3;6,74;1,74;Negativno;Ne
846;13,9;-66,3;6,96;5,55;Negativno;Ne
847;1,1;-63,2;6,71;0,46;Negativno;Ne
848;12,6;-52,2;6,5;1,43;Negativno;Ne
849;12,6;-72,5;6,42;5,68;Negativno;Ne
850;13,0;-40,0;6,9;3,15;Negativno;Ne
851;14,7;-8,1;6,23;0,38;Negativno;Ne
852;0,7;-36,5;6,95;1,88;Negativno;Ne
853;7,7;-57,3;6,79;4,91;Negativno;Ne
854;9,0;-51,5;7,17;4,03;Negativno;Ne
855;13,5;-68,4;7,13;4,83;Negativno;Ne
856;13,1;-50,7;7,03;0,41;Negativno;Ne
857;2,9;-47,9;6,29;3,42;Negativno;Ne
858;7,6;-73,1;6,14;4,29;Negativno;Ne
859;0,8;-57,0;7,2;5,36;Negativno;Ne
860;11,8;-42,1;6,53;1,55;Negativno;Ne
861;14,9;-46,3;6,85;5,57;Negativno;Ne
862;4,7;-49,1;7,34;0,85;Negativno;Ne
863;4,2;-74,7;6,76;3,6;Negativno;Ne
864;3,9;-48,0;7,3;1,33;Negativno;Ne
865;0,4;-18,9;6,96;8,630542193791463;Pozitivno;Da
866;12,9;-42,4;6,46;1,88;Negativno;Ne
867;2,8;-55,9;7,98;0,44;Pozitivno;Ne
868;12,8;-52,5;7,0;5,12;Negativno;Ne
869;14,1;-38,3;6,55;4,84;Pozitivno;Ne
870;9,6;-49,9;7,36;0,14;Negativno;Ne
871;14,4;-45,1;7,24;4,4;Negativno;Ne
872;0,1;-11,6;7,14;7,6505421937914635;Pozitivno;Da
873;2,5;-42,8;7,44;2,27;Negativno;Ne
874;13,6;-24,6;6,81;3,31;Negativno;Ne
875;14,4;-97,6;7,15;1,66;Negativno;Ne
876;13,6;-33,4;6,46;4,86;Negativno;Ne
877;0,7;-52,8;6,18;0,94;Negativno;Ne
878;12,5;-61,0;7,08;1,63;Negativno;Ne
879;2,0;-64,3;7,61;1,11;Negativno;Ne
880;13,5;-61,1;6,84;5,01;Negativno;Ne
881;12,2;-51,4;6,19;4,28;Negativno;Ne
882;7,2;-24,4;7,05;2,12;Negativno;Ne
883;5,4;-45,0;7,4;1,4;Negativno;Ne
884;3,6;-46,4;7,67;5,1;Negativno;Ne
885;2,2;-34,5;6,35;1,62;Negativno;Ne
886;7,0;-36,0;7,51;4,65;Negativno;Ne
887;1,3;-45,2;6,22;5,83;Pozitivno;Ne
888;11,5;-40,8;7,1;5,74;Negativno;Da
889;10,1;-41,9;5,83;0,85;Negativno;Ne
890;4,3;-56,8;7,14;1,53;Negativno;Ne
891;2,1;-19,6;7,31;7,870542193791464;Pozitivno;Da
892;13,8;-38,5;6,79;2,36;Pozitivno;Ne
893;9,9;-55,5;6,78;4,38;Negativno;Da
894;3,3;-68,5;8,09;5,1;Negativno;Ne
895;0,2;-23,4;7,01;1,1;Negativno;Ne
896;6,2;-28,7;6,85;5,27;Negativno;Ne
897;3,8;-39,6;7,71;5,0;Negativno;Ne
898;10,2;-36,5;6,51;4,39;Negativno;Ne
899;6,5;-51,9;6,12;3,94;Negativno;Ne
900;11,9;-36,0;7,15;3,18;Negativno;Ne
901;5,2;-54,4;7,47;5,91;Negativno;Ne
902;3,4;-34,3;7,23;2,34;Negativno;Ne
903;14,8;-55,7;7,34;5,48;Negativno;Ne
904;7,2;-45,8;7,33;1,38;Negativno;Ne
905;0,9;-29,1;6,84;5,73;Negativno;Ne
906;7,2;-64,5;6,56;4,34;Negativno;Ne
907;13,2;-44,8;7,6;4,66;Negativno;Ne
908;1,8;-42,6;7,41;4,11;Negativno;Ne
909;8,8;-37,1;7,21;5,36;Negativno;Ne
910;8,0;-62,8;6,6;5,7;Negativno;Ne
911;3,9;-46,1;6,9;0,3;Negativno;Ne
912;11,3;-81,4;7,61;3,61;Negativno;Ne
913;2,7;-52,4;6,94;5,32;Negativno;Ne
914;10,8;-29,0;6,37;2,68;Negativno;Ne
915;13,0;-39,6;7,09;0,3;Negativno;Ne
916;4,1;-6,2;7,39;5,773602275392572;Pozitivno;Da
917;9,7;-61,3;7,12;4,77;Negativno;Da
918;12,1;-54,6;5,88;3,16;Negativno;Ne
919;6,6;-62,7;6,31;3,89;Negativno;Ne
920;9,9;-54,4;6,78;3,69;Negativno;Ne
921;4,4;-44,3;7,22;1,99;Negativno;Ne
922;5,1;-68,7;7,09;5,42;Negativno;Ne
923;4,5;-65,5;6,71;5,01;Pozitivno;Ne
924;5,0;-22,0;7,2;1,53;Negativno;Ne
925;3,4;-45,9;7,93;5,85;Negativno;Ne
926;10,9;-60,1;7,65;2,56;Negativno;Ne
927;13,7;-53,2;6,79;4,44;Negativno;Ne
928;2,2;-25,9;7,32;5,22;Negativno;Ne
929;8,2;-53,1;7,27;5,53;Negativno;Ne
930;1,6;-59,4;7,71;0,33;Negativno;Ne
931;9,0;-58,4;6,8;3,35;Negativno;Ne
932;1,1;-67,6;7,06;1,69;Negativno;Ne
933;6,5;-64,0;6,9;0,21;Negativno;Ne
934;0,4;-25,8;7,29;3,83;Negativno;Ne
935;0,9;-19,8;6,58;9,383602275392573;Pozitivno;Da
936;14,5;-44,9;6,8;3,7;Negativno;Ne
937;2,0;-55,6;7,09;5,12;Negativno;Ne
938;6,6;-57,0;7,86;0,36;Negativno;Ne
939;11,7;-59,3;7,44;4,66;Negativno;Ne
940;7,6;-29,5;5,87;1,02;Negativno;Ne
941;13,4;-56,1;6,96;4,27;Negativno;Ne
942;11,5;-35,1;6,88;4,04;Negativno;Ne
943;10,4;-67,5;6,58;3,43;Negativno;Ne
944;1,7;-21,7;6,99;4,54;Negativno;Ne
945;6,9;-39,6;6,44;0,95;Negativno;Ne
946;2,6;-67,8;6,65;4,39;Negativno;Ne
947;1,2;-67,0;7,34;3,31;Negativno;Ne
948;8,9;-68,7;6,5;4,51;Negativno;Ne
949;10,2;-39,9;7,39;2,89;Negativno;Ne
950;6,8;-47,1;6,89;1,68;Negativno;Ne
951;5,6;-43,4;7,38;4,48;Negativno;Ne
952;3,8;-65,3;6,58;0,52;Negativno;Da
953;2,5;-26,6;7,14;5,1;Negativno;Ne
954;4,0;-30,7;6,5;2,33;Negativno;Ne
955;6,5;-56,7;6,44;5,42;Negativno;Ne
956;4,6;-45,4;7,59;2,29;Negativno;Ne
957;9,8;-84,4;5,71;5,84;Negativno;Ne
958;12,6;-83,7;7,01;3,53;Negativno;Ne
959;5,6;-48,9;6,43;3,52;Negativno;Ne
960;2,9;-38,2;7,09;4,55;Negativno;Ne
961;3,4;-74,1;7,27;5,08;Negativno;Ne
962;6,4;-15,3;7,49;6,713602275392573;Pozitivno;Da
963;12,6;-78,7;6,94;3,55;Negativno;Ne
964;13,7;-57,0;7,51;2,14;Negativno;Da
965;4,5;-34,7;6,35;3,62;Negativno;Ne
966;5,9;-64,1;6,7;0,92;Negativno;Ne
967;1,2;-47,7;7,65;0,25;Negativno;Ne
968;10,5;-33,6;7,24;3,68;Negativno;Ne
969;11,6;-57,3;6,63;5,26;Negativno;Ne
970;6,4;-55,7;7,28;3,03;Negativno;Ne
971;2,9;-9,4;6,65;7,783602275392572;Pozitivno;Da
972;2,0;-35,0;6,12;5,14;Negativno;Ne
973;10,1;-76,4;6,79;5,38;Negativno;Ne
974;10,6;-59,8;6,75;5,5;Negativno;Ne
975;11,2;-28,7;7,5;2,11;Negativno;Ne
976;5,8;-27,3;6,86;1,16;Negativno;Da
977;9,3;-64,9;8,07;0,32;Negativno;Ne
978;11,5;-35,8;6,5;1,51;Negativno;Da
979;2,0;-84,1;6,82;1,57;Negativno;Da
980;12,4;-44,8;7,14;4,7;Pozitivno;Da
981;12,2;-41,0;6,98;0,81;Negativno;Ne
982;8,8;-16,7;6,91;8,080542193791464;Pozitivno;Da
983;10,0;-18,9;7,28;5,830019214910177;Pozitivno;Da
984;2,8;-77,2;8,13;5,65;Pozitivno;Ne
985;6,8;-44,4;6,83;0,92;Negativno;Ne
986;14,8;-48,8;7,97;2,77;Negativno;Ne
987;4,5;-56,9;7,4;4,26;Negativno;Ne
988;3,3;-34,0;7,11;2,93;Negativno;Ne
989;9,2;-44,6;6,48;3,81;Pozitivno;Ne
990;12,2;-50,7;7,49;5,68;Negativno;Da
991;4,4;-10,4;7,35;1,58;Negativno;Ne
992;14,4;-45,6;6,35;2,63;Negativno;Ne
993;11,1;-36,7;6,85;5,71;Negativno;Ne
994;4,9;-39,3;7,2;5,71;Negativno;Ne
995;1,3;-51,2;6,8;3,41;Pozitivno;Da
996;7,0;-52,5;6,9;4,45;Negativno;Ne
997;1,4;-29,3;7,86;3,68;Negativno;Ne
998;3,1;-34,1;7,34;1,39;Negativno;Ne
999;3,2;-82,7;6,67;0,45;Negativno;Ne
1000;2,4;-52,5;6,17;0,39;Pozitivno;Ne
1001;8,5;-55,2;7,46;1,43;Negativno;Ne
1002;1,6;-64,1;8,43;1,7;Negativno;Ne
1003;11,2;-61,9;7,0;2,05;Negativno;Ne
1004;3,9;-33,2;6,22;4,28;Negativno;Ne
1005;2,2;-60,2;7,27;5,09;Negativno;Ne
1006;14,6;-53,5;6,58;5,46;Negativno;Ne
1007;0,2;-62,9;6,62;4,38;Negativno;Ne
1008;6,9;-64,5;7,33;2,83;Negativno;Ne
1009;0,9;-62,2;6,5;4,35;Negativno;Ne
1010;3,4;-50,2;7,13;2,26;Negativno;Ne
1011;8,2;-61,2;6,21;1,06;Negativno;Ne
1012;10,0;-41,8;6,47;1,62;Negativno;Ne
1013;14,8;-73,3;7,78;3,85;Negativno;Ne
1014;5,3;-73,4;6,61;0,59;Negativno;Ne
1015;11,4;-53,3;7,15;0,57;Negativno;Ne
1016;5,5;-35,5;6,27;1,19;Negativno;Ne
1017;1,4;-51,9;7,85;4,64;Negativno;Ne
1018;11,8;-47,6;6,59;4,72;Negativno;Ne
1019;11,2;-43,5;7,23;5,91;Negativno;Ne
1020;5,8;-53,2;6,01;2,48;Pozitivno;Ne
1021;12,8;-34,1;6,92;2,71;Negativno;Ne
1022;1,4;-26,1;7,18;2,26;Negativno;Ne
1023;8,2;-26,3;6,67;0,57;Negativno;Ne
1024;6,7;-8,0;6,23;4,340542193791464;Pozitivno;Da
1025;14,9;-19,8;6,8;0,99;Negativno;Ne
1026;9,6;-49,4;6,55;3,02;Negativno;Ne
1027;13,2;-16,0;7,32;5,07;Negativno;Ne
1028;9,1;-54,8;7,19;0,77;Pozitivno;Ne
1029;10,8;-60,1;7,29;3,67;Negativno;Ne
1030;9,2;-21,8;7,05;0,15;Negativno;Ne
1031;7,9;-50,2;7,16;2,04;Negativno;Ne
1032;5,3;-53,0;6,59;4,97;Pozitivno;Ne
1033;6,2;-31,2;7,08;1,11;Negativno;Ne
1034;4,3;-44,8;6,78;0,55;Negativno;Ne
1035;13,2;-61,6;7,22;2,78;Negativno;Ne
1036;13,4;-52,7;7,29;2,13;Negativno;Ne
1037;7,9;-68,8;7,53;5,89;Negativno;Ne
1038;0,4;-90,0;7,4;5,15;Negativno;Ne
1039;3,5;-27,5;8,0;1,63;Negativno;Ne
1040;2,6;-40,5;7,71;4,69;Negativno;Ne
1041;8,5;-46,5;7,22;4,14;Negativno;Ne
1042;14,3;-34,0;7,44;0,29;Negativno;Ne
1043;12,9;-56,8;6,58;2,4;Pozitivno;Ne
1044;9,8;-40,3;6,4;2,85;Negativno;Ne
1045;4,0;-38,2;6,48;0,21;Negativno;Ne
1046;6,7;-70,2;8,09;1,04;Negativno;Ne
1047;3,9;-43,3;5,83;4,82;Negativno;Ne
1048;1,3;-76,5;6,66;2,99;Negativno;Ne
1049;8,2;-57,3;6,85;5,16;Negativno;Ne
1050;13,1;-15,4;6,69;7,510542193791464;Pozitivno;Da
1051;11,9;-35,5;7,3;2,73;Negativno;Ne
1052;13,1;-69,9;8,48;2,22;Negativno;Ne
1053;4,0;-38,0;6,39;5,05;Negativno;Ne
1054;2,1;-75,5;6,62;0,31;Negativno;Ne
1055;4,6;-14,2;7,21;7,453602275392572;Pozitivno;Da
1056;13,1;-38,5;6,4;0,29;Negativno;Da
1057;12,6;-41,0;6,7;0,33;Negativno;Ne
1058;14,0;-19,6;7,42;8,603602275392571;Pozitivno;Da
1059;1,2;-7,2;6,86;4,87;Negativno;Da
1060;7,4;-57,0;7,09;5,32;Negativno;Ne
1061;7,2;-38,2;7,08;1,2;Negativno;Ne
1062;7,9;-20,5;6,72;4,31;Negativno;Ne
1063;3,5;-52,2;6,84;0,64;Negativno;Ne
1064;7,4;-51,5;7,59;5,78;Negativno;Ne
1065;3,5;-52,2;6,94;1,46;Negativno;Ne
1066;12,2;-55,7;7,46;5,66;Negativno;Ne
1067;6,7;-59,4;6,98;0,35;Negativno;Ne
1068;5,6;-41,2;7,34;2,41;Negativno;Ne
1069;14,0;-30,6;6,72;2,5;Negativno;Ne
1070;14,4;-64,7;6,59;4,55;Negativno;Ne
1071;13,9;-26,1;7,37;4,74;Negativno;Ne
1072;14,8;-54,0;6,7;5,79;Negativno;Da
1073;1,9;-65,9;6,9;2,13;Negativno;Ne
1074;13,0;-63,9;8,35;5,58;Negativno;Ne
1075;6,1;-56,3;6,86;4,88;Negativno;Ne
1076;5,2;-62,4;6,05;2,6;Negativno;Ne
1077;6,5;-50,4;6,27;1,83;Negativno;Ne
1078;11,8;-66,4;6,39;3,4;Negativno;Ne
1079;8,1;-38,7;6,48;0,81;Negativno;Ne
1080;11,6;-36,6;7,44;0,37;Negativno;Ne
1081;1,2;-11,3;7,2;4,98;Negativno;Ne
1082;6,0;-31,6;6,83;2,38;Negativno;Ne
1083;11,8;-65,0;7,26;4,78;Negativno;Ne
1084;2,9;-40,9;6,82;0,71;Negativno;Ne
1085;12,3;-56,0;6,94;3,01;Negativno;Ne
1086;6,6;-9,5;6,92;6,223602275392572;Pozitivno;Da
1087;8,4;-58,7;7,37;1,04;Negativno;Ne
1088;0,1;-24,1;7,72;0,7;Negativno;Da
1089;10,9;-58,7;8,46;0,5;Negativno;Ne
1090;13,3;-31,6;6,82;0,48;Negativno;Da
1091;4,9;-19,8;7,38;9,903602275392572;Pozitivno;Da
1092;13,5;-70,1;7,36;1,35;Negativno;Ne
1093;2,2;-30,6;6,69;4,4;Negativno;Ne
1094;3,1;-5,3;6,82;7,420542193791464;Pozitivno;Da
1095;2,0;-53,3;6,73;2,06;Negativno;Ne
1096;3,2;-57,8;7,52;5,97;Pozitivno;Ne
1097;8,8;-33,8;6,94;3,03;Negativno;Ne
1098;0,9;-66,1;7,75;3,51;Negativno;Ne
1099;4,9;-38,2;6,74;0,34;Negativno;Da
1100;7,6;-52,8;6,98;5,96;Negativno;Ne
1101;0,7;-72,7;6,59;0,87;Negativno;Ne
1102;11,4;-60,7;7,63;4,17;Negativno;Ne
1103;7,5;-70,3;6,85;3,89;Negativno;Ne
1104;2,5;-67,6;7,19;1,74;Negativno;Ne
1105;9,4;-39,9;5,96;5,81;Negativno;Ne
1106;12,2;-81,7;7,11;5,7;Negativno;Ne
1107;14,8;-49,0;7,17;4,92;Negativno;Ne
1108;1,7;-51,3;7,36;1,11;Pozitivno;Ne
1109;7,1;-58,6;7,31;5,91;Pozitivno;Ne
1110;2,8;-28,8;6,59;1,98;Negativno;Ne
1111;3,9;-44,3;7,56;1,47;Pozitivno;Ne
1112;11,2;-47,1;7,48;3,65;Negativno;Ne
1113;7,9;-75,4;7,1;3,91;Negativno;Ne
1114;9,7;-51,9;7,52;5,7;Negativno;Ne
1115;7,9;-36,6;6,16;3,44;Negativno;Ne
1116;8,1;-60,1;6,57;1,71;Negativno;Ne
1117;11,9;-65,9;6,6;5,58;Negativno;Ne
1118;13,1;-35,2;8,52;2,84;Negativno;Ne
1119;2,7;-46,5;7,48;5,49;Negativno;Da
1120;14,9;-44,7;6,48;5,72;Negativno;Ne
1121;10,8;-18,2;7,23;0,32;Pozitivno;Ne
1122;8,5;-67,3;7,88;5,47;Negativno;Ne
1123;1,9;-46,4;7,26;5,93;Negativno;Ne
1124;8,6;-23,1;6,62;4,94;Negativno;Ne
1125;12,9;-22,7;8,35;0,23;Negativno;Ne
1126;2,3;-45,4;6,93;1,55;Negativno;Ne
1127;9,2;-60,0;6,88;2,93;Negativno;Ne
1128;13,3;-59,4;6,29;1,47;Negativno;Ne
1129;0,8;-69,8;6,51;4,34;Negativno;Ne
1130;12,9;-55,6;7,37;4,89;Pozitivno;Ne
1131;13,9;-49,5;7,23;3,5;Negativno;Ne
1132;9,3;-56,7;6,69;2,39;Negativno;Ne
1133;5,2;-46,4;6,68;5,67;Negativno;Ne
1134;5,1;-45,5;6,84;0,51;Negativno;Ne
1135;9,9;-55,8;7,02;2,87;Negativno;Ne
1136;2,0;-57,3;6,96;2,38;Negativno;Ne
1137;5,8;-63,2;7,17;1,52;Negativno;Ne
1138;13,6;-54,2;7,12;3,97;Negativno;Da
1139;11,7;-35,0;7,34;2,57;Negativno;Ne
1140;4,5;-47,1;6,91;2,16;Negativno;Ne
1141;6,4;-5,2;7,41;6,075609384038216;Pozitivno;Da
1142;10,4;-55,7;7,87;2,67;Negativno;Ne
1143;7,9;-31,6;7,01;0,43;Negativno;Ne
1144;11,4;-19,9;6,9;4,1505421937914635;Pozitivno;Da
1145;14,3;-40,0;7,68;1,03;Negativno;Ne
1146;1,1;-44,0;6,16;3,2;Negativno;Ne
1147;8,7;-43,8;8,0;2,1;Negativno;Ne
1148;8,3;-66,6;6,72;3,36;Negativno;Ne
1149;4,6;-43,1;6,7;2,63;Negativno;Ne
1150;4,4;-61,9;6,82;1,38;Negativno;Ne
1151;2,8;-54,3;8,07;4,34;Negativno;Ne
1152;12,5;-19,2;6,75;9,355609384038218;Pozitivno;Da
1153;6,5;-56,0;6,62;0,91;Negativno;Ne
1154;14,8;-71,0;6,87;5,64;Negativno;Ne
1155;4,3;-56,8;7,37;1,23;Negativno;Ne
1156;6,2;-56,1;6,91;2,17;Negativno;Ne
1157;11,2;-35,7;6,78;2,05;Negativno;Ne
1158;5,2;-52,2;7,73;1,9;Negativno;Ne
1159;8,1;-32,6;6,84;2,82;Negativno;Ne
1160;12,2;-55,5;6,68;5,27;Negativno;Ne
1161;9,5;-31,9;7,02;5,66;Pozitivno;Ne
1162;9,6;-33,6;7,15;3,99;Negativno;Ne
1163;9,5;-52,5;7,6;2,19;Negativno;Ne
1164;0,2;-36,6;7,23;5,02;Negativno;Ne
1165;14,1;-47,6;6,32;5,97;Negativno;Ne
1166;4,6;-45,7;6,97;4,71;Negativno;Ne
1167;13,5;-44,7;6,95;0,25;Negativno;Ne
1168;2,1;-42,8;6,23;1,88;Negativno;Da
1169;10,5;-39,9;5,98;1,46;Negativno;Ne
1170;9,2;-18,7;7,26;5,09;Negativno;Ne
1171;6,4;-34,0;7,04;4,15;Pozitivno;Ne
1172;12,5;-38,8;6,46;5,6;Negativno;Ne
1173;14,0;-51,6;7,05;3,41;Negativno;Ne
1174;7,3;-35,1;5,83;0,72;Negativno;Ne
1175;14,3;-50,8;7,08;2,76;Negativno;Ne
1176;4,8;-36,9;7,67;0,81;Negativno;Da
1177;11,0;-59,2;6,61;3,11;Negativno;Da
1178;7,2;-52,6;6,8;2,32;Negativno;Ne
1179;9,2;-61,7;7,08;5,42;Negativno;Ne
1180;0,6;-85,3;7,72;0,1;Pozitivno;Ne
1181;5,7;-47,1;7,15;2,85;Negativno;Ne
1182;5,1;-48,3;6,94;1,88;Negativno;Ne
1183;0,2;-47,6;6,56;1,7;Negativno;Ne
1184;0,8;-47,3;6,83;3,97;Negativno;Ne
1185;5,5;-7,8;6,81;5,580542193791464;Pozitivno;Da
1186;2,9;-45,6;6,36;3,49;Negativno;Ne
1187;1,4;-21,8;6,85;3,7;Negativno;Ne
1188;6,4;-62,2;6,86;4,06;Negativno;Ne
1189;6,9;-51,1;6,59;2,49;Negativno;Ne
1190;10,4;-60,9;6,79;3,4;Negativno;Ne
1191;14,4;-66,6;7,88;2,95;Negativno;Ne
1192;9,5;-27,8;7,1;5,49;Negativno;Ne
1193;4,7;-14,7;6,15;6,480542193791464;Pozitivno;Da
1194;8,1;-76,5;7,29;1,52;Negativno;Ne
1195;2,3;-67,3;7,24;0,8;Negativno;Ne
1196;7,0;-64,5;7,34;0,83;Negativno;Ne
1197;6,3;-49,7;6,71;2,35;Negativno;Ne
1198;6,0;-52,0;8,44;3,52;Negativno;Ne
1199;3,5;-11,5;7,19;6,310542193791464;Pozitivno;Da
1200;4,0;-37,7;7,65;1,38;Negativno;Ne
1201;9,7;-54,1;7,54;5,77;Negativno;Ne
1202;5,8;-40,4;7,41;3,26;Pozitivno;Ne
1203;1,8;-49,9;7,26;1,54;Pozitivno;Ne
1204;1,6;-63,5;6,22;2,63;Negativno;Ne
1205;10,2;-50,5;7,08;1,59;Negativno;Ne
1206;12,6;-49,2;7,19;5,91;Negativno;Da
1207;3,9;-54,0;7,17;1,67;Pozitivno;Ne
1208;0,6;-11,5;7,06;7,493602275392572;Pozitivno;Da
1209;2,6;-61,9;6,59;3,23;Negativno;Ne
1210;0,7;-36,4;7,94;0,5;Pozitivno;Ne
1211;2,4;-14,6;6,74;3,22;Negativno;Ne
1212;7,2;-67,6;6,25;1,31;Negativno;Ne
1213;10,7;-55,8;7,07;0,35;Negativno;Ne
1214;10,5;-52,9;7,33;2,87;Negativno;Ne
1215;1,9;-66,1;6,1;4,3;Negativno;Ne
1216;6,8;-54,8;6,69;1,43;Pozitivno;Ne
1217;12,6;-68,2;6,5;1,97;Negativno;Ne
1218;11,8;-43,6;6,85;2,76;Negativno;Ne
1219;7,4;-70,5;6,17;0,31;Negativno;Ne
1220;9,3;-9,8;6,42;9,213602275392573;Pozitivno;Da
1221;7,5;-39,4;6,65;1,05;Negativno;Ne
1222;7,8;-40,4;6,98;1,51;Negativno;Ne
1223;11,3;-24,2;7,54;1,82;Negativno;Ne
1224;12,6;-55,6;7,06;2,37;Negativno;Ne
1225;8,2;-84,5;7,18;1,97;Negativno;Ne
1226;10,8;-16,2;7,37;10,553602275392572;Pozitivno;Da
1227;9,0;-65,0;7,05;0,53;Negativno;Ne
1228;14,5;-63,8;7,1;2,54;Negativno;Ne
1229;8,8;-70,4;7,02;2,49;Negativno;Ne
1230;14,0;-47,5;6,99;3,38;Negativno;Ne
1231;14,0;-52,9;7,29;3,63;Negativno;Ne
1232;1,3;-29,5;6,62;3,79;Negativno;Ne
1233;6,2;-35,7;6,53;4,98;Negativno;Ne
1234;7,0;-70,4;7,37;3,49;Negativno;Ne
1235;10,1;-44,3;7,68;5,84;Negativno;Ne
1236;3,4;-72,8;7,04;1,76;Negativno;Da
1237;10,1;-49,1;6,79;1,57;Negativno;Ne
1238;3,4;-63,1;7,27;0,83;Negativno;Ne
1239;14,9;-60,1;7,38;1,33;Negativno;Ne
1240;1,9;-51,4;6,17;2,06;Negativno;Ne
1241;11,2;-54,2;7,11;4,56;Pozitivno;Da
1242;1,1;-69,2;6,69;0,12;Negativno;Ne
1243;10,4;-63,1;6,82;2,88;Pozitivno;Ne
1244;10,6;-26,6;5,94;0,59;Negativno;Ne
1245;9,9;-42,4;6,57;5,98;Negativno;Ne
1246;6,9;-49,8;7,54;3,5;Pozitivno;Ne
1247;6,2;-50,5;6,57;5,94;Negativno;Ne
1248;13,7;-51,1;6,68;0,99;Negativno;Ne
1249;2,5;-53,8;6,41;0,87;Negativno;Ne
1250;3,8;-59,9;8,13;5,03;Negativno;Ne
1251;13,8;-52,7;7,0;3,92;Negativno;Ne
1252;5,7;-52,7;7,24;2,78;Negativno;Ne
1253;6,4;-41,1;6,9;1,06;Negativno;Ne
1254;8,1;-55,3;6,97;3,22;Negativno;Ne
1255;0,6;-57,1;6,44;4,99;Negativno;Ne
1256;8,3;-51,6;7,06;5,54;Negativno;Da
1257;11,7;-31,7;7,02;2,82;Negativno;Ne
1258;2,4;-43,6;6,83;1,57;Negativno;Ne
1259;2,1;-73,1;6,51;0,21;Pozitivno;Ne
1260;5,9;-45,2;6,96;1,15;Negativno;Ne
1261;3,6;-72,4;6,04;5,73;Negativno;Ne
1262;0,8;-27,5;7,67;0,3;Negativno;Ne
1263;5,0;-63,3;6,48;3,89;Negativno;Ne
1264;1,7;-86,4;6,89;4,59;Negativno;Ne
1265;8,2;-71,6;7,17;1,62;Negativno;Ne
1266;8,2;-56,1;6,66;3,03;Negativno;Ne
1267;14,3;-45,4;7,34;5,93;Negativno;Ne
1268;9,1;-57,9;7,03;4,14;Negativno;Ne
1269;2,4;-37,0;6,94;5,32;Negativno;Ne
1270;14,7;-7,1;7,26;0,2;Negativno;Ne
1271;0,4;-25,6;6,91;3,91;Negativno;Ne
1272;5,7;-57,4;6,99;3,93;Negativno;Ne
1273;4,4;-37,2;7,94;2,34;Negativno;Ne
1274;7,8;-61,7;6,67;1,52;Negativno;Ne
1275;4,8;-41,6;6,74;0,14;Negativno;Ne
1276;6,5;-44,7;7,42;0,41;Negativno;Ne
1277;7,2;-58,5;6,94;1,07;Negativno;Ne
1278;13,6;-78,4;6,22;5,0;Negativno;Ne
1279;11,4;-23,5;7,24;0,43;Pozitivno;Ne
1280;13,2;-48,0;7,25;3,94;Negativno;Ne
1281;7,6;-48,6;7,72;0,64;Negativno;Ne
1282;6,9;-58,4;7,47;5,78;Negativno;Ne
1283;1,7;-48,9;7,34;0,71;Negativno;Ne
1284;4,5;-48,6;7,03;4,62;Negativno;Ne
1285;3,8;-19,3;6,64;11,005609384038216;Pozitivno;Da
1286;6,9;-57,4;6,74;3,04;Negativno;Ne
1287;12,0;-68,5;7,65;0,64;Negativno;Ne
1288;10,6;-52,8;6,37;4,79;Negativno;Ne
1289;14,6;-20,4;7,29;0,69;Negativno;Ne
1290;0,3;-53,5;7,05;2,82;Negativno;Ne
1291;6,0;-70,6;6,36;3,26;Pozitivno;Ne
1292;12,4;-31,1;7,17;0,81;Negativno;Ne
1293;13,8;-79,7;6,93;1,58;Negativno;Ne
1294;11,1;-43,4;7,78;0,78;Negativno;Ne
1295;5,7;-15,1;7,21;5,863602275392572;Pozitivno;Da
1296;2,5;-49,1;7,94;0,28;Negativno;Ne
1297;8,8;-28,0;5,68;2,95;Negativno;Ne
1298;3,8;-48,2;7,62;0,17;Negativno;Ne
1299;11,1;-65,5;7,17;5,3;Negativno;Ne
1300;6,0;-29,0;6,8;4,34;Negativno;Da
1301;4,8;-46,3;6,56;2,69;Negativno;Ne
1302;14,7;-32,9;7,38;5,92;Negativno;Ne
1303;3,6;-10,2;6,21;6,240542193791464;Pozitivno;Da
1304;2,6;-41,1;7,36;0,25;Negativno;Ne
1305;13,9;-72,1;7,09;0,2;Negativno;Ne
1306;6,6;-58,0;6,39;3,96;Negativno;Ne
1307;2,1;-30,7;6,31;3,87;Negativno;Ne
1308;11,7;-66,3;6,45;1,26;Negativno;Ne
1309;12,7;-34,8;6,87;4,66;Negativno;Ne
1310;14,5;-8,8;6,82;5,760542193791464;Pozitivno;Da
1311;7,5;-54,2;7,85;1,87;Negativno;Ne
1312;4,1;-65,4;7,08;3,49;Negativno;Ne
1313;13,5;-60,5;7,66;3,79;Negativno;Ne
1314;3,0;-34,6;6,94;2,48;Negativno;Ne
1315;7,5;-24,1;8,01;4,89;Negativno;Ne
1316;5,6;-61,8;7,18;5,41;Negativno;Ne
1317;10,7;-52,1;7,29;1,01;Negativno;Ne
1318;10,9;-46,2;7,98;0,92;Pozitivno;Ne
1319;3,4;-69,7;6,85;3,59;Negativno;Ne
1320;6,3;-76,0;6,25;4,95;Negativno;Ne
1321;4,8;150,0;-2,0;1,82;Pozitivno;Ne
1322;5,2;-47,0;6,77;4,17;Negativno;Ne
1323;4,5;-40,5;7,72;2,67;Negativno;Ne
1324;3,3;-70,0;7,7;1,34;Negativno;Ne
1325;9,1;-59,2;7,47;5,05;Negativno;Ne
1326;9,7;-65,4;7,25;3,39;Negativno;Ne
1327;11,1;-70,7;7,67;5,4;Negativno;Ne
1328;3,8;-50,1;7,88;5,57;Negativno;Ne
1329;3,5;-33,6;7,36;4,71;Negativno;Ne
1330;4,6;-27,3;6,9;4,97;Negativno;Ne
1331;14,5;-39,6;7,84;2,29;Negativno;Ne
1332;0,8;-49,0;6,86;0,62;Negativno;Da
1333;3,0;-53,1;6,88;3,67;Negativno;Ne
1334;0,8;-40,2;6,83;2,49;Pozitivno;Ne
1335;4,6;-32,7;7,0;4,64;Negativno;Ne
1336;6,5;-53,7;7,31;3,12;Negativno;Ne
1337;7,0;-22,5;7,84;2,12;Negativno;Ne
1338;1,2;-43,5;8,08;2,8;Negativno;Ne
1339;6,5;-40,7;7,03;1,84;Negativno;Ne
1340;1,8;-56,0;7,85;1,29;Negativno;Ne
1341;2,4;-19,4;7,24;8,263602275392572;Pozitivno;Da
1342;9,7;-64,0;6,57;1,89;Negativno;Ne
1343;11,3;-37,5;7,64;1,63;Negativno;Ne
1344;7,8;-70,6;6,85;0,42;Negativno;Da
1345;9,5;-53,8;6,72;4,01;Negativno;Ne
1346;6,4;-43,1;7,02;3,96;Negativno;Ne
1347;7,7;-37,7;5,88;5,19;Negativno;Da
1348;1,7;-52,6;7,6;1,51;Negativno;Ne
1349;12,1;-51,3;6,91;3,64;Negativno;Ne
1350;1,8;-7,5;6,29;10,973602275392572;Pozitivno;Da
1351;9,2;-28,9;7,02;2,67;Negativno;Ne
1352;0,6;-8,5;7,57;5,300542193791464;Pozitivno;Da
1353;1,8;-64,6;6,58;4,43;Pozitivno;Ne
1354;13,1;-33,3;6,91;3,99;Negativno;Ne
1355;11,2;-39,2;7,65;1,51;Negativno;Ne
1356;8,9;-49,9;6,51;1,03;Negativno;Ne
1357;8,6;-16,8;7,2;7,000019214910177;Pozitivno;Da
1358;3,6;-34,3;6,71;2,33;Negativno;Ne
1359;7,8;-16,4;8,0;0,98;Negativno;Ne
1360;3,3;-42,0;8,27;1,36;Negativno;Ne
1361;3,6;-53,5;8,13;1,61;Negativno;Ne
1362;13,3;-68,9;6,65;0,3;Negativno;Ne
1363;10,3;-19,3;7,35;4,66;Negativno;Ne
1364;4,2;-71,0;7,03;0,22;Negativno;Ne
1365;8,6;-56,9;6,88;2,46;Negativno;Ne
1366;13,8;-64,1;7,34;3,9;Negativno;Ne
1367;9,8;-50,2;6,74;2,76;Negativno;Ne
1368;4,0;-47,6;7,35;2,25;Negativno;Ne
1369;13,2;-42,1;6,56;0,12;Negativno;Ne
1370;6,7;-38,7;7,11;3,16;Negativno;Ne
1371;2,7;-41,0;7,73;3,6;Negativno;Ne
1372;0,9;-43,7;7,28;5,77;Negativno;Da
1373;4,3;-24,7;8,25;1,36;Negativno;Ne
1374;0,3;-36,7;6,78;0,39;Negativno;Da
1375;13,6;-53,9;7,44;5,24;Negativno;Da
1376;14,1;-65,5;7,09;1,28;Negativno;Ne
1377;7,5;-48,1;6,97;3,09;Negativno;Ne
1378;0,1;-37,4;6,71;2,98;Negativno;Ne
1379;8,4;-71,9;6,81;3,57;Negativno;Ne
1380;5,3;-30,9;6,51;0,68;Negativno;Ne
1381;6,6;-32,1;7,36;2,55;Negativno;Ne
1382;13,0;-45,0;7,01;2,69;Negativno;Ne
1383;4,2;-40,4;5,93;4,3;Negativno;Ne
1384;8,9;-66,4;7,21;5,9;Negativno;Ne
1385;3,3;-32,0;7,14;1,68;Negativno;Ne
1386;9,7;-5,7;7,0;0,7;Negativno;Ne
1387;3,7;-62,2;7,71;0,88;Negativno;Ne
1388;12,2;-95,1;6,76;3,22;Negativno;Ne
1389;9,3;-65,8;7,55;1,05;Negativno;Ne
1390;13,3;-42,0;6,66;3,46;Negativno;Ne
1391;7,4;-59,2;7,16;0,59;Negativno;Ne
1392;2,2;-45,9;6,61;3,56;Negativno;Ne
1393;13,1;-52,1;8,12;4,31;Negativno;Ne
1394;0,9;-16,2;8,32;11,003602275392572;Pozitivno;Da
1395;12,5;-5,8;7,24;7,283602275392572;Pozitivno;Da
1396;4,6;-46,3;7,34;4,73;Negativno;Ne
1397;4,6;-56,8;6,92;0,78;Negativno;Ne
1398;7,7;-56,6;7,1;5,58;Negativno;Ne
1399;13,3;-55,6;6,82;4,25;Negativno;Ne
1400;12,7;-40,6;7,56;4,4;Pozitivno;Ne
1401;7,6;-50,1;6,82;2,55;Negativno;Ne
1402;4,7;-17,3;7,2;9,383602275392573;Pozitivno;Da
1403;5,9;-71,9;7,34;0,55;Negativno;Ne
1404;10,8;-27,0;6,47;3,43;Negativno;Ne
1405;7,1;-36,3;6,74;1,55;Negativno;Ne
1406;13,4;-55,5;6,37;4,16;Negativno;Ne
1407;13,5;-76,6;7,73;0,6;Negativno;Ne
1408;1,8;-21,2;7,71;2,17;Negativno;Ne
1409;10,0;-63,1;6,56;4,41;Negativno;Ne
1410;4,8;-37,3;7,05;4,6;Negativno;Ne
1411;13,4;-62,7;6,3;3,61;Negativno;Ne
1412;12,9;-33,5;7,71;2,95;Pozitivno;Ne
1413;5,3;-46,9;7,51;3,99;Negativno;Ne
1414;11,4;-45,5;6,3;4,55;Negativno;Ne
1415;13,9;-48,3;6,03;1,4;Negativno;Ne
1416;7,8;-68,3;7,29;2,02;Negativno;Ne
1417;12,6;-38,8;6,87;1,09;Negativno;Ne
1418;1,5;-71,3;7,54;2,55;Negativno;Ne
1419;9,2;-83,8;7,59;1,23;Negativno;Ne
1420;5,7;-40,6;6,73;5,06;Negativno;Ne
1421;11,5;-27,7;6,07;4,09;Negativno;Ne
1422;4,1;-70,3;7,09;2,35;Negativno;Ne
1423;1,0;-51,4;6,75;5,09;Negativno;Ne
1424;7,8;-44,4;6,79;0,83;Negativno;Ne
1425;13,4;-51,5;7,07;2,46;Negativno;Ne
1426;3,5;-46,3;7,08;5,62;Negativno;Ne
1427;7,0;-57,2;5,95;4,1;Pozitivno;Ne
1428;9,3;-74,0;6,71;2,65;Negativno;Ne
1429;10,9;-17,8;7,13;7,370542193791464;Pozitivno;Da
1430;6,4;-33,2;6,53;1,6;Negativno;Ne
1431;5,9;-32,7;7,82;5,11;Negativno;Ne
1432;6,4;-42,2;5,89;0,96;Negativno;Ne
1433;4,1;-63,7;5,0;2,88;Negativno;Ne
1434;13,6;-66,7;6,46;0,97;Negativno;Ne
1435;5,3;-55,3;7,23;5,8;Negativno;Ne
1436;7,5;-37,1;7,2;5,02;Pozitivno;Ne
1437;4,2;-74,9;8,17;0,76;Negativno;Ne
1438;14,6;-59,2;7,23;4,79;Negativno;Ne
1439;4,0;-41,3;6,85;3,08;Negativno;Ne
1440;0,5;-68,2;7,6;4,59;Negativno;Ne
1441;10,9;-45,7;6,49;3,08;Negativno;Ne
1442;11,1;-51,9;6,3;3,1;Negativno;Ne
1443;6,6;-36,2;7,23;0,45;Negativno;Ne
1444;5,6;-54,6;6,66;5,6;Pozitivno;Ne
1445;11,1;-18,2;7,47;5,000542193791464;Pozitivno;Da
1446;3,5;-60,8;6,41;0,11;Negativno;Ne
1447;9,0;-74,8;6,7;3,57;Negativno;Ne
1448;0,5;-59,9;6,35;5,3;Pozitivno;Ne
1449;8,2;-39,6;7,98;0,69;Pozitivno;Ne
1450;7,0;-85,7;7,13;0,85;Negativno;Ne
1451;9,5;-52,3;6,42;1,24;Negativno;Ne
1452;3,2;-22,1;7,37;2,89;Negativno;Ne
1453;11,4;-54,9;6,73;5,86;Negativno;Ne
1454;4,3;-35,8;7,02;4,05;Negativno;Ne
1455;11,6;-51,8;6,92;1,26;Negativno;Ne
1456;6,6;-50,6;6,76;1,47;Negativno;Ne
1457;8,4;-41,7;6,68;0,48;Negativno;Ne
1458;0,9;-19,7;6,83;9,220019214910177;Pozitivno;Da
1459;6,8;-44,4;6,95;5,82;Negativno;Ne
1460;9,1;-39,6;6,95;1,1;Negativno;Ne
1461;11,7;-63,1;6,54;2,79;Negativno;Ne
1462;3,6;-24,3;7,73;4,88;Negativno;Ne
1463;11,2;-33,6;7,05;0,42;Negativno;Ne
1464;7,3;-67,2;6,85;0,2;Negativno;Ne
1465;11,1;-81,3;6,24;1,69;Negativno;Ne
1466;10,3;-42,0;7,62;5,74;Negativno;Ne
1467;13,9;-46,8;6,91;4,23;Negativno;Ne
1468;8,4;-55,5;7,97;1,12;Negativno;Ne
1469;4,1;-79,2;6,33;3,65;Negativno;Ne
1470;8,1;-60,9;6,4;3,84;Negativno;Ne
1471;1,2;-44,7;6,73;5,34;Pozitivno;Ne
1472;0,7;-47,9;6,66;1,54;Negativno;Ne
1473;11,0;-59,3;7,75;0,88;Negativno;Ne
1474;14,2;-53,1;7,05;2,69;Negativno;Ne
1475;5,1;-44,4;6,45;5,99;Pozitivno;Da
1476;5,4;-50,6;6,96;5,29;Negativno;Ne
1477;3,7;-49,6;5,74;0,42;Negativno;Ne
1478;2,5;-9,6;7,08;9,000542193791464;Pozitivno;Da
1479;11,0;-40,1;6,95;2,33;Negativno;Ne
1480;12,1;-42,0;6,51;3,46;Negativno;Ne
1481;4,2;-52,3;7,65;1,26;Negativno;Ne
1482;7,5;-29,9;6,66;4,52;Pozitivno;Ne
1483;0,9;-74,4;7,1;2,53;Negativno;Ne
1484;10,4;-47,9;6,73;0,96;Negativno;Ne
1485;14,4;-50,7;6,97;4,33;Negativno;Ne
1486;6,9;-40,4;6,65;5,1;Negativno;Ne
1487;13,6;-59,1;7,13;4,01;Negativno;Ne
1488;12,9;-36,3;6,77;3,84;Negativno;Ne
1489;3,1;-16,7;6,63;10,715609384038217;Pozitivno;Da
1490;9,2;-61,7;7,48;5,6;Negativno;Ne
1491;10,2;-20,0;6,36;5,87;Negativno;Ne
1492;14,5;-59,8;7,17;5,84;Negativno;Ne
1493;13,0;-59,8;7,36;0,84;Negativno;Ne
1494;7,9;-70,7;6,74;5,23;Negativno;Ne
1495;7,7;-23,5;7,03;3,81;Negativno;Ne
1496;12,4;-24,2;6,32;0,13;Negativno;Ne
1497;11,3;-54,8;8,08;4,14;Negativno;Ne
1498;3,2;-66,5;7,31;4,98;Negativno;Ne
1499;14,5;-62,8;6,51;3,65;Negativno;Ne
1500;5,7;-44,6;7,06;0,6;Negativno;Ne
1501;0,7;-54,6;7,65;0,81;Negativno;Ne
1502;10,7;-80,8;8,0;4,81;Pozitivno;Ne
1503;5,4;-67,4;6,86;3,31;Negativno;Ne
1504;1,1;-68,9;7,22;1,18;Negativno;Ne
1505;0,9;-58,2;6,79;0,85;Negativno;Ne
1506;0,7;-23,5;7,07;1,16;Negativno;Ne
1507;12,6;-19,5;7,08;2,26;Negativno;Ne
1508;5,1;-6,2;6,58;7,363602275392572;Pozitivno;Da
1509;13,6;-55,7;7,9;2,15;Negativno;Ne
1510;1,2;-55,4;7,78;5,72;Negativno;Ne
1511;7,0;-34,5;7,5;4,07;Negativno;Ne
1512;4,9;-88,4;6,57;2,89;Negativno;Ne
1513;13,7;-51,4;7,65;2,91;Negativno;Ne
1514;7,4;-60,5;7,47;1,29;Negativno;Ne
1515;3,4;-6,1;7,06;4,290019214910176;Pozitivno;Da
1516;9,5;-73,5;6,39;5,82;Negativno;Da
1517;7,2;-46,2;6,25;5,84;Negativno;Ne
1518;13,0;-38,6;7,29;1,83;Negativno;Ne
1519;11,7;-23,9;7,53;3,57;Negativno;Ne
1520;8,1;-49,5;6,13;4,1;Negativno;Ne
1521;6,6;-38,7;7,95;0,37;Negativno;Ne
1522;4,1;-40,1;6,4;0,14;Negativno;Ne
1523;4,2;-42,0;7,5;2,81;Negativno;Da
1524;3,1;-59,0;6,01;3,52;Negativno;Ne
1525;6,5;-38,5;6,35;0,29;Negativno;Ne
1526;11,9;-54,9;6,79;3,59;Negativno;Ne
1527;10,5;-75,9;8,21;0,88;Negativno;Ne
1528;14,0;150,0;-2,0;0,19;Pozitivno;Ne
1529;3,8;-63,5;8,31;5,09;Negativno;Ne
1530;1,3;-66,4;7,12;2,75;Negativno;Ne
1531;5,8;-23,2;6,63;4,35;Negativno;Ne
1532;13,2;-30,2;7,09;3,91;Negativno;Ne
1533;2,2;-42,7;7,75;4,25;Negativno;Ne
1534;3,8;-81,2;7,31;2,91;Negativno;Ne
1535;7,5;-36,2;6,65;1,01;Negativno;Ne
1536;8,2;-52,0;6,8;5,19;Negativno;Ne
1537;5,5;-58,8;7,49;1,02;Negativno;Ne
1538;2,3;-44,1;7,12;2,01;Negativno;Ne
1539;6,4;-40,9;6,62;4,31;Negativno;Ne
1540;14,4;-39,9;7,12;2,43;Negativno;Ne
1541;11,0;-51,8;6,51;2,99;Negativno;Ne
1542;7,3;-52,3;7,14;4,24;Negativno;Ne
1543;9,0;-46,3;8,34;0,41;Negativno;Ne
1544;9,4;-21,7;7,47;5,93;Negativno;Ne
1545;3,0;150,0;-2,0;3,58;Pozitivno;Ne
1546;11,0;-48,0;6,57;3,02;Negativno;Ne
1547;2,8;-50,6;6,34;2,47;Negativno;Ne
1548;7,9;-52,2;7,38;0,1;Negativno;Ne
1549;3,4;-39,8;7,44;3,3;Negativno;Ne
1550;10,2;-35,9;7,02;4,52;Negativno;Ne
1551;13,7;-69,7;7,16;0,7;Negativno;Ne
1552;14,8;-46,8;6,83;5,06;Negativno;Ne
1553;13,9;-31,7;7,53;3,74;Negativno;Ne
1554;11,8;-52,1;6,9;1,88;Negativno;Ne
1555;5,7;-64,9;7,53;1,81;Negativno;Ne
1556;10,6;-38,0;7,08;2,3;Negativno;Ne
1557;3,2;-55,2;7,49;2,21;Negativno;Ne
1558;14,7;-46,3;7,39;3,93;Negativno;Ne
1559;8,9;-62,3;6,7;0,12;Negativno;Ne
1560;3,1;-55,2;5,99;1,85;Negativno;Ne
1561;0,5;-57,1;6,98;0,78;Negativno;Ne
1562;2,8;-43,4;7,31;0,46;Negativno;Ne
1563;6,3;-51,6;6,37;3,77;Negativno;Da
1564;10,6;-45,2;7,11;0,99;Negativno;Da
1565;6,5;-35,8;6,22;5,59;Negativno;Ne
1566;8,3;-6,6;6,48;9,593602275392572;Pozitivno;Da
1567;9,1;-32,7;7,9;1,49;Negativno;Da
1568;4,8;-68,2;6,73;2,33;Negativno;Ne
1569;2,5;-62,4;7,1;3,07;Negativno;Ne
1570;7,0;-36,6;7,7;2,47;Negativno;Ne
1571;3,5;-32,2;7,57;3,21;Negativno;Ne
1572;2,3;-82,6;7,15;1,22;Negativno;Ne
1573;5,1;-42,9;7,47;1,17;Negativno;Ne
1574;6,9;-10,8;6,89;7,323602275392572;Pozitivno;Da
1575;11,4;-56,2;7,39;0,26;Negativno;Ne
1576;0,5;-51,9;5,7;1,68;Negativno;Ne
1577;11,1;-67,5;7,7;3,41;Negativno;Ne
1578;14,0;-36,3;7,18;1,41;Negativno;Ne
1579;14,0;-36,3;7,64;4,2;Negativno;Ne
1580;13,3;-49,1;7,64;3,76;Negativno;Da
1581;1,4;-54,8;6,53;5,76;Negativno;Ne
1582;14,3;-61,7;7,32;0,77;Negativno;Ne
1583;13,6;-42,6;7,12;5,92;Negativno;Ne
1584;1,4;-34,7;7,78;5,57;Negativno;Ne
1585;10,0;-39,6;6,62;3,27;Negativno;Ne
1586;0,4;-62,8;6,67;4,24;Negativno;Ne
1587;14,4;-47,1;7,62;3,93;Pozitivno;Ne
1588;5,3;-83,0;6,58;0,58;Negativno;Ne
1589;11,9;-54,5;6,87;4,1;Negativno;Ne
1590;13,6;-76,1;6,69;2,92;Negativno;Ne
1591;7,9;-15,8;6,91;1,1;Negativno;Ne
1592;0,4;-58,1;7,11;4,38;Negativno;Da
1593;2,3;-50,6;6,52;3,79;Negativno;Ne
1594;2,2;-68,3;6,75;4,14;Negativno;Ne
1595;2,9;-53,4;7,53;3,67;Negativno;Ne
1596;4,8;-30,9;6,86;5,06;Pozitivno;Ne
1597;4,8;-58,9;6,76;4,68;Negativno;Ne
1598;7,0;-24,7;6,67;4,92;Negativno;Ne
1599;14,7;-86,9;7,73;0,35;Negativno;Ne
1600;8,9;-69,4;6,2;1,84;Negativno;Ne
1601;4,0;-28,3;5,9;1,31;Negativno;Ne
1602;8,8;-50,7;7,15;1,65;Pozitivno;Ne
1603;13,8;-45,8;7,38;4,1;Negativno;Ne
1604;14,6;-59,1;7,48;0,94;Negativno;Ne
1605;3,4;-37,1;6,4;5,89;Negativno;Ne
1606;4,2;-57,9;6,95;1,97;Negativno;Ne
1607;3,1;-70,6;7,12;0,27;Negativno;Ne
1608;13,7;-38,2;7,08;4,08;Negativno;Ne
1609;13,2;-63,5;7,09;2,24;Negativno;Ne
1610;6,8;-53,6;6,73;1,03;Negativno;Ne
1611;6,4;-20,3;7,37;5,62;Negativno;Ne
1612;5,5;-33,0;6,68;5,4;Negativno;Ne
1613;7,4;-58,4;6,8;5,8;Negativno;Ne
1614;6,1;-35,9;7,14;0,35;Negativno;Ne
1615;14,0;-13,9;7,03;8,850542193791464;Pozitivno;Da
1616;5,1;-31,3;7,76;4,3;Negativno;Ne
1617;9,9;-40,0;7,29;0,26;Negativno;Ne
1618;12,9;-38,6;6,58;2,67;Negativno;Ne
1619;6,7;-35,4;6,9;4,61;Negativno;Ne
1620;5,6;-76,3;6,51;0,35;Pozitivno;Ne
1621;8,2;-34,1;6,74;1,02;Negativno;Ne
1622;5,7;-79,8;7,27;4,81;Negativno;Ne
1623;7,1;-33,0;6,79;0,64;Negativno;Ne
1624;0,7;-76,0;7,87;0,7;Negativno;Ne
1625;4,7;-65,6;6,71;0,47;Negativno;Ne
1626;9,7;-72,1;7,59;2,14;Negativno;Ne
1627;8,8;-61,2;6,96;3,1;Negativno;Ne
1628;2,3;-57,4;7,12;2,44;Negativno;Ne
1629;14,9;-56,6;6,26;4,44;Negativno;Ne
1630;10,1;-44,9;7,21;2,75;Negativno;Ne
1631;1,9;-29,9;7,03;1,34;Negativno;Ne
1632;3,4;-53,6;6,48;5,51;Negativno;Da
1633;14,0;-65,9;6,81;1,17;Negativno;Ne
1634;3,6;-52,9;6,67;5,23;Negativno;Ne
1635;4,0;-43,4;6,75;1,02;Negativno;Ne
1636;10,7;-27,2;6,09;5,47;Negativno;Ne
1637;6,3;-25,7;6,07;2,25;Negativno;Ne
1638;4,7;-65,8;7,97;0,71;Pozitivno;Ne
1639;9,8;-31,7;6,64;4,8;Negativno;Ne
1640;11,1;-56,7;7,34;2,16;Negativno;Ne
1641;4,3;-73,7;6,36;4,65;Negativno;Ne
1642;13,2;-53,7;7,43;0,46;Negativno;Ne
1643;1,4;-66,2;6,91;2,63;Negativno;Ne
1644;11,9;-62,6;6,08;2,26;Negativno;Ne
1645;11,1;-19,0;6,54;4,510542193791464;Pozitivno;Da
1646;12,5;-32,6;6,52;0,45;Negativno;Ne
1647;7,8;-54,6;7,63;1,41;Negativno;Ne
1648;10,8;-38,9;7,12;3,52;Negativno;Ne
1649;6,7;-69,0;6,67;2,0;Negativno;Ne
1650;2,8;-63,6;6,89;4,37;Negativno;Ne
1651;0,8;-66,3;6,45;3,85;Negativno;Ne
1652;11,6;-62,8;7,18;0,74;Negativno;Ne
1653;9,8;-42,8;6,44;4,91;Negativno;Ne
1654;13,6;-49,6;6,57;5,13;Pozitivno;Ne
1655;12,6;-81,7;7,21;2,14;Negativno;Ne
1656;3,2;-51,6;6,64;2,36;Negativno;Ne
1657;2,3;-55,7;7,17;4,11;Negativno;Da
1658;15,0;-77,5;6,14;1,12;Negativno;Ne
1659;1,2;-11,2;6,17;2,5;Negativno;Ne
1660;14,0;-33,2;7,17;2,11;Negativno;Ne
1661;2,9;-27,1;7,65;0,25;Negativno;Ne
1662;9,0;-77,5;7,37;0,99;Negativno;Ne
1663;1,7;-35,4;6,58;3,72;Negativno;Ne
1664;11,5;-22,9;7,1;5,61;Negativno;Ne
1665;8,2;-39,8;7,28;3,3;Pozitivno;Ne
1666;2,8;-45,4;6,88;1,71;Negativno;Ne
1667;10,5;-53,2;7,56;4,98;Negativno;Ne
1668;9,0;-47,0;6,85;0,22;Negativno;Ne
1669;9,0;-54,9;7,26;0,83;Negativno;Ne
1670;4,3;-63,0;6,28;3,05;Negativno;Ne
1671;13,7;-19,1;7,34;1,27;Negativno;Ne
1672;7,5;-35,6;7,4;3,26;Negativno;Ne
1673;14,8;-60,5;6,89;1,84;Negativno;Ne
1674;11,0;-38,3;6,84;4,48;Negativno;Ne
1675;8,1;-44,4;6,64;1,47;Negativno;Ne
1676;6,6;-61,7;7,05;4,09;Negativno;Ne
1677;9,8;-35,6;7,48;2,37;Negativno;Ne
1678;10,6;-7,0;7,07;5,11;Negativno;Ne
1679;13,4;-62,3;6,53;5,15;Negativno;Ne
1680;3,9;-65,9;6,38;5,56;Negativno;Ne
1681;10,2;-31,1;6,24;2,41;Negativno;Ne
1682;5,0;-59,5;6,26;2,8;Negativno;Ne
1683;10,8;-32,8;7,46;2,3;Negativno;Ne
1684;3,7;-67,6;6,74;2,5;Negativno;Ne
1685;4,2;-38,2;7,26;1,3;Negativno;Ne
1686;10,1;-59,5;6,38;3,16;Negativno;Ne
1687;4,1;-67,8;7,75;0,52;Negativno;Ne
1688;11,7;-82,1;6,25;0,33;Negativno;Ne
1689;4,8;-52,1;7,3;1,62;Negativno;Ne
1690;10,0;-66,3;7,39;1,48;Negativno;Ne
1691;1,9;-53,7;7,08;5,26;Negativno;Ne
1692;3,3;-54,1;6,86;3,63;Pozitivno;Ne
1693;3,2;-73,4;7,03;5,09;Negativno;Ne
1694;10,3;-49,3;6,74;3,72;Pozitivno;Da
1695;2,3;-53,4;6,48;4,94;Negativno;Ne
1696;5,8;-59,2;6,69;3,79;Pozitivno;Da
1697;5,5;-57,1;7,22;5,14;Negativno;Ne
1698;14,3;-60,9;6,95;5,52;Negativno;Ne
1699;5,2;-7,2;6,73;8,470542193791463;Pozitivno;Da
1700;13,5;-40,2;6,92;1,76;Negativno;Ne
1701;13,5;-45,3;6,51;5,09;Negativno;Ne
1702;1,3;-33,5;7,55;5,61;Negativno;Ne
1703;14,8;-61,9;7,33;2,33;Negativno;Ne
1704;9,9;-55,6;7,75;5,31;Negativno;Ne
1705;12,5;-54,9;7,36;4,54;Negativno;Ne
1706;1,3;-39,6;6,35;2,36;Pozitivno;Ne
1707;3,2;-18,0;7,43;3,7700192149101763;Pozitivno;Da
1708;8,7;-67,8;7,33;3,48;Negativno;Ne
1709;10,9;-47,6;7,69;3,77;Negativno;Ne
1710;14,1;-12,6;7,16;6,073602275392572;Pozitivno;Da
1711;13,6;-50,1;7,27;5,66;Negativno;Ne
1712;8,4;-38,2;6,21;5,67;Negativno;Ne
1713;4,5;-51,5;6,99;4,7;Negativno;Ne
1714;3,2;-66,1;7,84;0,54;Negativno;Ne
1715;13,9;-70,1;5,75;4,29;Negativno;Ne
1716;0,5;-21,7;6,97;5,5;Negativno;Ne
1717;3,0;-49,7;6,96;4,02;Negativno;Ne
1718;4,8;-66,1;7,04;4,91;Pozitivno;Ne
1719;4,7;-52,2;7,19;5,51;Negativno;Ne
1720;3,4;-69,5;6,33;5,05;Negativno;Ne
1721;1,3;-64,2;7,14;3,75;Negativno;Ne
1722;1,8;-58,2;6,3;2,93;Negativno;Ne
1723;0,1;-45,3;7,59;1,18;Negativno;Ne
1724;0,9;-30,6;6,69;3,05;Negativno;Ne
1725;11,8;-69,2;7,09;4,91;Pozitivno;Ne
1726;3,1;-37,4;6,47;4,99;Negativno;Ne
1727;3,0;-53,2;7,08;1,91;Negativno;Ne
1728;6,8;-68,3;6,45;1,22;Negativno;Ne
1729;8,1;-67,8;7,27;2,28;Negativno;Ne
1730;11,5;-18,6;5,57;2,34;Negativno;Ne
1731;0,2;-36,2;7,15;3,36;Negativno;Ne
1732;3,1;-15,7;7,81;1,51;Negativno;Ne
1733;14,7;-47,3;7,22;1,71;Negativno;Ne
1734;11,7;-40,3;6,43;4,78;Negativno;Ne
1735;10,1;-15,1;6,54;5,6105421937914635;Pozitivno;Da
1736;1,3;-45,6;8,34;0,99;Negativno;Ne
1737;11,7;-45,6;5,82;4,83;Negativno;Ne
1738;3,1;-74,3;7,14;5,31;Negativno;Ne
1739;7,5;-46,4;7,28;0,81;Negativno;Ne
1740;12,0;-52,5;6,4;2,41;Negativno;Ne
1741;7,5;-81,0;7,1;1,34;Negativno;Ne
1742;6,5;-49,1;5,83;2,32;Negativno;Ne
1743;7,1;-9,3;7,42;9,693602275392571;Pozitivno;Da
1744;8,6;-42,3;6,61;5,49;Negativno;Ne
1745;5,4;-26,3;7,12;5,97;Negativno;Ne
1746;6,7;-67,7;6,99;5,39;Negativno;Ne
1747;2,7;-41,9;6,63;2,56;Negativno;Ne
1748;7,3;-41,8;6,45;4,91;Negativno;Ne
1749;4,9;-50,5;7,14;5,54;Negativno;Ne
1750;9,1;-36,8;7,6;1,54;Negativno;Ne
1751;10,2;-36,1;6,98;3,74;Negativno;Ne
1752;2,6;-15,8;6,15;11,553602275392572;Pozitivno;Da
1753;2,6;-52,8;6,66;5,65;Negativno;Ne
1754;4,2;-72,0;7,63;1,09;Negativno;Ne
1755;9,2;-53,4;7,2;4,46;Negativno;Ne
1756;2,2;-68,3;7,59;2,33;Negativno;Ne
1757;13,6;-31,2;6,59;3,18;Negativno;Ne
1758;9,1;-36,1;7,53;1,49;Negativno;Ne
1759;5,5;-33,6;7,09;4,31;Negativno;Ne
1760;11,9;-28,3;6,65;1,69;Negativno;Ne
1761;6,5;-51,4;7,44;5,83;Negativno;Ne
1762;8,1;-61,7;7,18;1,64;Negativno;Ne
1763;7,4;-24,5;8,71;3,24;Negativno;Ne
1764;1,2;-46,5;6,47;5,89;Negativno;Ne
1765;3,6;-46,4;7,12;0,3;Negativno;Ne
1766;10,6;-34,0;6,69;2,46;Negativno;Ne
1767;12,7;-54,0;6,33;1,11;Negativno;Ne
1768;5,1;-56,0;6,42;5,98;Negativno;Ne
1769;11,5;-95,6;6,89;1,05;Negativno;Ne
1770;8,7;-64,3;7,42;2,63;Negativno;Ne
1771;9,0;-47,3;6,93;3,9;Negativno;Ne
1772;3,6;-13,0;6,26;6,503602275392572;Pozitivno;Da
1773;0,8;-43,1;7,2;5,31;Negativno;Ne
1774;11,1;-59,6;7,8;1,38;Pozitivno;Ne
1775;2,8;-73,2;6,05;2,64;Negativno;Ne
1776;7,4;-43,1;7,25;5,84;Negativno;Ne
1777;3,4;-14,5;6,61;10,053602275392572;Pozitivno;Da
1778;10,1;-71,3;6,55;5,56;Negativno;Ne
1779;14,5;-46,0;7,4;3,53;Negativno;Ne
1780;11,7;-36,0;5,64;1,88;Negativno;Ne
1781;1,6;-45,0;7,08;2,71;Negativno;Ne
1782;13,2;-12,0;7,0;6,420542193791464;Pozitivno;Da
1783;1,5;-48,0;6,25;4,01;Negativno;Ne
1784;7,2;-28,5;7,04;5,18;Negativno;Ne
1785;9,3;-61,3;7,35;4,66;Negativno;Ne
1786;8,8;-66,8;7,4;2,73;Negativno;Ne
1787;4,9;-48,7;7,54;0,85;Negativno;Ne
1788;8,1;-49,2;6,79;1,29;Negativno;Ne
1789;10,0;-50,2;7,1;1,75;Negativno;Ne
1790;8,0;-15,4;8,37;7,213602275392573;Pozitivno;Da
1791;11,4;-50,2;6,18;3,94;Pozitivno;Ne
1792;11,6;-52,6;6,82;1,36;Negativno;Ne
1793;15,0;-12,7;6,58;6,943602275392572;Pozitivno;Da
1794;4,6;-51,9;7,83;5,89;Negativno;Ne
1795;11,3;-9,3;6,77;1,8;Pozitivno;Ne
1796;4,3;-49,9;6,51;2,97;Negativno;Ne
1797;11,9;-78,3;6,91;4,14;Negativno;Ne
1798;2,9;-52,3;7,03;2,92;Negativno;Ne
1799;8,5;-57,3;6,51;0,99;Negativno;Ne
1800;10,5;-52,9;5,99;0,45;Negativno;Ne
1801;13,5;-38,7;6,36;3,21;Negativno;Ne
1802;8,5;-47,9;6,74;5,96;Negativno;Ne
1803;13,7;-33,6;6,93;3,13;Negativno;Ne
1804;6,4;-46,1;6,31;2,49;Negativno;Ne
1805;13,2;-28,1;7,01;3,04;Negativno;Ne
1806;7,7;-71,6;6,29;0,15;Negativno;Ne
1807;7,1;-44,1;6,47;5,86;Negativno;Ne
1808;2,3;-77,2;7,1;2,59;Negativno;Ne
1809;5,0;-99,9;6,86;5,04;Negativno;Ne
1810;14,1;-75,3;7,14;1,98;Negativno;Ne
1811;13,3;-48,4;6,86;0,56;Negativno;Ne
1812;4,9;-67,3;6,32;1,93;Negativno;Ne
1813;10,3;-29,4;7,88;3,76;Pozitivno;Ne
1814;0,8;-52,7;6,9;0,2;Negativno;Ne
1815;4,3;-59,9;7,03;2,92;Negativno;Ne
1816;14,5;-47,5;7,86;5,19;Negativno;Ne
1817;8,7;-73,4;6,74;2,22;Negativno;Ne
1818;0,3;-38,2;7,09;3,66;Negativno;Ne
1819;1,4;-39,3;6,86;4,06;Pozitivno;Ne
1820;10,7;-21,7;7,74;2,48;Negativno;Ne
1821;11,7;-63,9;7,13;0,58;Negativno;Ne
1822;3,7;-60,6;7,24;2,99;Negativno;Ne
1823;5,2;-66,9;6,9;3,41;Negativno;Ne
1824;13,5;-68,0;6,87;1,91;Negativno;Ne
1825;5,1;-49,5;7,04;2,43;Negativno;Ne
1826;0,1;-46,0;7,04;1,49;Negativno;Ne
1827;1,7;-43,1;7,1;0,41;Negativno;Ne
1828;6,7;-58,7;6,91;2,72;Pozitivno;Ne
1829;7,1;-70,4;7,92;4,54;Negativno;Ne
1830;2,2;-51,8;6,7;2,3;Negativno;Ne
1831;1,0;-29,6;6,53;4,73;Negativno;Ne
1832;7,4;-50,2;6,79;5,32;Negativno;Ne
1833;7,0;-6,3;6,72;8,610019214910176;Pozitivno;Da
1834;3,0;-20,9;7,09;1,59;Negativno;Ne
1835;1,3;-49,0;6,38;1,56;Negativno;Ne
1836;1,7;-28,6;5,67;3,97;Negativno;Ne
1837;5,2;-10,7;6,69;7,213602275392573;Pozitivno;Da
1838;4,4;-66,4;7,13;5,31;Negativno;Ne
1839;3,1;-46,1;7,07;4,27;Negativno;Ne
1840;14,3;-36,5;6,96;0,34;Negativno;Ne
1841;0,2;-40,8;7,22;2,36;Pozitivno;Ne
1842;11,3;-44,0;6,65;0,98;Negativno;Ne
1843;10,7;-28,5;6,16;5,75;Negativno;Ne
1844;2,9;-10,1;7,59;2,3;Negativno;Ne
1845;5,0;-38,9;7,31;2,93;Negativno;Ne
1846;7,7;-17,5;6,44;6,595609384038217;Pozitivno;Da
1847;4,8;-56,8;6,65;2,49;Negativno;Ne
1848;1,7;-52,4;7,0;3,12;Pozitivno;Ne
1849;13,2;-35,6;7,14;1,01;Negativno;Ne
1850;2,6;-59,2;6,52;0,52;Negativno;Ne
1851;11,9;-74,3;7,24;2,89;Negativno;Ne
1852;1,0;-14,7;7,16;5,650019214910176;Pozitivno;Da
1853;5,1;-35,2;6,97;4,98;Negativno;Ne
1854;10,1;-70,2;7,01;4,07;Negativno;Ne
1855;8,0;-51,9;7,08;4,92;Negativno;Da
1856;11,4;-62,7;7,65;4,97;Negativno;Ne
1857;11,5;-48,3;7,0;5,84;Negativno;Da
1858;2,9;-41,8;6,39;1,7;Negativno;Ne
1859;3,6;-33,3;7,02;1,81;Negativno;Ne
1860;11,1;-54,4;7,36;3,01;Negativno;Ne
1861;8,5;-72,5;7,35;0,83;Negativno;Ne
1862;14,4;-57,5;5,91;2,76;Negativno;Ne
1863;8,7;-36,8;7,25;4,95;Negativno;Da
1864;10,7;-60,4;6,82;1,44;Negativno;Ne
1865;5,1;-26,8;7,44;1,35;Negativno;Ne
1866;14,1;-48,5;7,53;0,4;Negativno;Ne
1867;13,8;-39,9;6,92;3,1;Negativno;Ne
1868;14,3;-51,8;5,85;3,04;Pozitivno;Ne
1869;6,6;-59,7;6,82;3,03;Negativno;Ne
1870;12,7;-30,7;7,57;1,15;Negativno;Ne
1871;15,0;-29,9;5,74;5,08;Negativno;Ne
1872;8,2;-42,2;6,6;2,57;Negativno;Ne
1873;2,1;-54,3;7,01;4,33;Negativno;Ne
1874;6,0;-42,4;6,77;3,42;Negativno;Ne
1875;12,9;-46,8;7,4;1,15;Negativno;Ne
1876;7,9;-35,2;6,34;3,48;Negativno;Ne
1877;4,4;-51,3;6,13;5,01;Pozitivno;Ne
1878;8,4;-11,7;7,82;1,38;Negativno;Ne
1879;10,2;-60,7;7,31;3,95;Negativno;Ne
1880;1,0;-21,7;7,11;3,71;Negativno;Ne
1881;6,4;-18,8;6,73;2,72;Pozitivno;Ne
1882;4,9;-31,7;7,21;1,25;Negativno;Ne
1883;1,6;-5,7;6,81;1,68;Negativno;Da
1884;0,9;-75,2;6,76;4,37;Negativno;Ne
1885;14,1;-45,6;7,35;3,07;Negativno;Ne
1886;11,8;-40,4;6,49;2,89;Negativno;Ne
1887;8,9;-25,6;7,05;5,54;Negativno;Ne
1888;10,8;-25,5;8,72;0,23;Negativno;Ne
1889;8,8;-62,9;6,77;2,85;Negativno;Ne
1890;4,7;-37,7;6,53;4,0;Negativno;Ne
1891;13,5;-33,8;7,45;3,6;Negativno;Ne
1892;8,8;-42,5;6,09;3,29;Negativno;Ne
1893;8,6;-52,5;7,41;3,35;Negativno;Ne
1894;0,3;-55,3;7,16;0,91;Negativno;Ne
1895;6,8;-38,1;6,59;4,68;Negativno;Ne
1896;11,9;-73,1;7,25;3,72;Negativno;Ne
1897;14,4;-39,6;6,86;5,83;Negativno;Ne
1898;1,5;-69,0;6,45;3,74;Pozitivno;Ne
1899;14,5;-82,7;7,11;3,04;Negativno;Ne
1900;1,2;-16,1;7,42;4,66;Negativno;Ne
1901;11,1;-47,1;6,88;1,35;Negativno;Ne
1902;2,3;-40,8;6,04;3,55;Negativno;Ne
1903;2,9;-25,5;7,09;4,85;Negativno;Da
1904;6,7;-41,7;6,35;5,47;Negativno;Ne
1905;12,6;-37,5;7,27;5,45;Negativno;Da
1906;12,5;-48,3;6,99;5,78;Pozitivno;Da
1907;9,3;-55,2;6,26;1,44;Negativno;Ne
1908;14,1;-10,5;6,36;5,470542193791464;Pozitivno;Da
1909;7,1;-21,5;7,17;3,01;Negativno;Ne
1910;7,9;-43,0;6,59;4,95;Negativno;Ne
1911;12,0;-53,0;7,03;3,56;Negativno;Ne
1912;10,0;-46,5;6,48;3,92;Negativno;Ne
1913;14,8;-50,1;7,81;4,45;Negativno;Ne
1914;3,2;-30,2;6,62;2,8;Negativno;Ne
1915;7,4;-41,1;6,58;5,46;Negativno;Ne
1916;6,3;-52,5;6,87;0,45;Negativno;Ne
1917;2,4;-45,2;7,07;2,35;Negativno;Ne
1918;1,6;-48,4;6,82;3,33;Negativno;Ne
1919;2,3;-57,2;7,63;3,82;Negativno;Ne
1920;14,8;-59,4;6,23;3,4;Negativno;Ne
1921;11,1;-44,2;6,99;0,44;Negativno;Ne
1922;10,9;-33,2;6,49;0,42;Negativno;Ne
1923;5,8;-55,5;7,53;4,18;Negativno;Ne
1924;12,0;-49,5;6,5;5,95;Negativno;Ne
1925;2,3;-41,9;5,21;2,09;Negativno;Ne
1926;4,6;-5,2;7,84;5,340019214910177;Pozitivno;Da
1927;0,5;-43,5;7,92;3,42;Negativno;Ne
1928;9,4;-27,6;6,93;3,73;Negativno;Ne
1929;10,1;-65,3;6,56;1,47;Negativno;Ne
1930;6,2;-38,7;7,25;4,76;Negativno;Ne
1931;12,6;-31,2;7,52;5,98;Negativno;Ne
1932;5,5;-47,2;7,5;0,89;Pozitivno;Ne
1933;14,0;-57,9;6,69;2,52;Negativno;Ne
1934;11,8;-45,1;7,5;0,59;Negativno;Ne
1935;7,0;-24,8;5,9;5,47;Negativno;Ne
1936;11,2;-60,0;6,31;4,84;Negativno;Ne
1937;13,3;-48,3;6,23;1,15;Negativno;Ne
1938;1,8;-28,9;6,88;1,35;Negativno;Ne
1939;14,4;-56,3;7,16;0,54;Negativno;Ne
1940;11,4;-78,6;7,06;3,69;Negativno;Ne
1941;11,9;-49,4;7,38;2,11;Pozitivno;Ne
1942;1,5;-50,9;7,1;4,19;Negativno;Ne
1943;6,1;-15,7;6,92;11,513602275392572;Pozitivno;Da
1944;13,8;-39,6;6,56;2,45;Negativno;Ne
1945;15,0;-49,5;6,72;4,12;Negativno;Ne
1946;11,0;-70,0;7,04;5,42;Negativno;Ne
1947;2,5;-44,7;7,42;3,65;Negativno;Ne
1948;13,3;-48,7;6,57;4,86;Negativno;Ne
1949;13,2;-57,2;7,76;2,06;Negativno;Ne
1950;9,3;-51,1;6,4;4,48;Negativno;Ne
1951;8,5;-16,8;6,96;8,093602275392572;Pozitivno;Da
1952;10,0;-66,8;6,27;2,81;Negativno;Ne
1953;11,9;-62,8;7,02;5,13;Negativno;Ne
1954;4,4;-10,4;6,61;9,675609384038218;Pozitivno;Da
1955;3,7;-73,3;6,74;5,36;Negativno;Ne
1956;12,7;-42,9;7,26;0,87;Negativno;Ne
1957;4,5;-45,2;6,59;1,19;Negativno;Ne
1958;10,6;-33,6;6,51;1,09;Negativno;Ne
1959;6,0;-17,0;6,71;6,770542193791464;Pozitivno;Da
1960;7,3;-55,1;7,39;1,03;Negativno;Ne
1961;3,5;-71,4;8,02;2,0;Negativno;Ne
1962;1,6;-54,0;6,78;2,3;Negativno;Ne
1963;10,8;-52,9;7,69;4,82;Negativno;Ne
1964;3,5;-44,7;8,65;5,56;Negativno;Ne
1965;6,4;-51,8;6,84;0,79;Negativno;Ne
1966;13,6;-44,5;6,96;0,81;Negativno;Ne
1967;12,3;-5,1;6,75;8,233602275392572;Pozitivno;Da
1968;6,8;-11,1;6,8;6,410542193791464;Pozitivno;Da
1969;13,6;-70,6;6,96;4,66;Negativno;Ne
1970;14,3;-47,4;6,65;3,56;Negativno;Ne
1971;13,2;-42,4;6,68;2,47;Negativno;Ne
1972;8,0;-38,0;7,98;0,78;Negativno;Ne
1973;3,3;-45,0;7,47;5,15;Negativno;Ne
1974;5,3;-82,2;6,45;0,82;Negativno;Ne
1975;12,2;-57,5;7,41;2,38;Negativno;Ne
1976;14,5;-75,2;6,34;5,52;Negativno;Ne
1977;10,1;-44,4;6,59;0,9;Negativno;Ne
1978;1,1;-62,5;7,36;2,04;Negativno;Ne
1979;0,4;-58,2;6,44;5,86;Negativno;Ne
1980;12,7;-67,6;6,26;4,35;Negativno;Ne
1981;8,0;-94,0;7,81;3,48;Negativno;Ne
1982;5,2;-59,4;8,0;2,96;Negativno;Ne
1983;4,9;-51,8;6,55;3,04;Negativno;Ne
1984;10,2;-41,2;7,41;5,04;Negativno;Ne
1985;0,7;-58,6;7,51;3,32;Negativno;Ne
1986;2,3;-39,2;8,05;1,25;Negativno;Da
1987;4,2;-48,5;7,53;4,57;Negativno;Ne
1988;12,7;-49,8;6,3;0,26;Pozitivno;Ne
1989;9,0;-80,3;6,52;2,14;Negativno;Da
1990;5,2;-43,7;7,46;1,93;Negativno;Ne
1991;2,0;-53,0;5,51;1,7;Pozitivno;Ne
1992;10,2;-62,4;6,97;3,52;Negativno;Ne
1993;13,4;-45,5;6,52;1,14;Pozitivno;Ne
1994;14,9;-46,0;7,87;5,74;Negativno;Ne
1995;6,3;-45,3;7,31;5,92;Negativno;Ne
1996;3,3;-48,3;6,97;2,31;Negativno;Ne
1997;0,6;-49,5;6,67;1,33;Negativno;Ne
1998;2,8;-90,5;6,59;2,21;Negativno;Ne
1999;5,5;-45,4;7,39;1,69;Pozitivno;Ne
2000;8,4;-52,3;7,86;2,45;Negativno;Da
